sub,lang,POA,syll_dur,v_dur,rate
AB,1,3,0.2499,0.1761,3
AB,1,3,0.2766,0.1915,3
AB,1,3,0.1204,0.0122,3
AB,1,3,0.2045,0.098,3
AB,1,3,0.1474,0.1108,3
AB,1,3,0.1744,0.1152,3
AB,1,3,0.1606,0.091,3
AB,1,3,0.1501,0.0853,3
AB,1,3,0.1719,0.1186,3
AB,1,3,0.1996,0.0984,3
AB,1,3,0.201,0.1014,3
AB,1,3,0.181,0.0913,3
AB,1,3,0.1539,0.0989,3
AB,1,3,0.2143,0.118,3
AB,1,3,0.2145,0.0977,3
AB,1,3,0.1939,0.1185,3
AB,1,3,0.1725,0.0906,3
AB,1,3,0.1414,0.1059,3
AB,1,3,0.1772,0.1268,3
AB,1,3,0.2003,0.1162,3
AB,1,3,0.1736,0.0837,3
AB,1,3,0.2116,0.1607,3
AB,1,3,0.1874,0.1427,3
AB,1,3,0.2254,0.1596,3
AB,1,3,0.1902,0.1396,3
AB,1,3,0.2157,0.1294,3
AB,1,3,0.222,0.1443,3
AB,1,3,0.2161,0.1354,3
AB,1,3,0.2606,0.2005,3
AB,1,3,0.2418,0.1783,3
AB,1,3,0.1228,0.0667,3
AB,1,3,0.0959,0.082,3
AB,1,3,0.1359,0.1013,3
AB,1,3,0.1136,0.0788,3
AB,1,2,0.1804,0.0845,3
AB,1,2,0.1293,0.1001,3
AB,1,2,0.1906,0.135,3
AB,1,2,0.188,0.1178,3
AB,1,2,0.1804,0.1014,3
AB,1,2,0.219,0.1327,3
AB,1,2,0.2314,0.1123,3
AB,1,2,0.2221,0.1275,3
AB,1,2,0.2077,0.1201,3
AB,1,2,0.2013,0.1192,3
AB,1,2,0.2022,0.1139,3
AB,1,2,0.2104,0.1257,3
AB,1,2,0.228,0.1282,3
AB,1,2,0.233,0.1465,3
AB,1,2,0.2293,0.1515,3
AB,1,2,0.2517,0.1646,3
AB,1,2,0.2848,0.0551,3
AB,1,2,0.1124,0.0475,3
AB,1,2,0.2724,0.1884,3
AB,1,2,0.279,0.1425,3
AB,1,2,0.1972,0.1328,3
AB,1,2,0.1581,0.14,3
AB,1,2,0.1217,0.0711,3
AB,1,2,0.1145,0.0963,3
AB,1,2,0.1229,0.0869,3
AB,1,2,0.1873,0.1083,3
AB,1,2,0.1591,0.1179,3
AB,1,2,0.119,0.0853,3
AB,1,1,0.1363,0.09,3
AB,1,1,0.155,0.0927,3
AB,1,1,0.1385,0.1056,3
AB,1,1,0.1426,0.1027,3
AB,1,1,0.1508,0.1025,3
AB,1,1,0.1675,0.1181,3
AB,1,1,0.1441,0.1143,3
AB,1,1,0.1704,0.1271,3
AB,1,1,0.1556,0.1105,3
AB,1,1,0.18,0.1055,3
AB,1,1,0.1842,0.1202,3
AB,1,1,0.1761,0.1196,3
AB,1,1,0.1648,0.1126,3
AB,1,1,0.182,0.1352,3
AB,1,1,0.1848,0.1312,3
AB,1,1,0.1846,0.1521,3
AB,1,1,0.2099,0.1534,3
AB,1,1,0.1779,0.1364,3
GC,1,1,0.1753,0.1119,3
GC,1,1,0.2044,0.1505,3
GC,1,1,0.1817,0.1672,3
GC,1,1,0.1983,0.1447,3
GC,1,1,0.1986,0.1547,3
GC,1,1,0.1964,0.1392,3
GC,1,1,0.202,0.1535,3
GC,1,1,0.2282,0.164,3
GC,1,1,0.2267,0.1826,3
GC,1,1,0.2145,0.1591,3
GC,1,1,0.1998,0.1504,3
GC,1,1,0.2576,0.1905,3
GC,1,1,0.2184,0.1723,3
GC,1,1,0.2324,0.1687,3
GC,1,1,0.2072,0.1633,3
GC,1,1,0.2195,0.1652,3
GC,1,1,0.2157,0.1729,3
GC,1,1,0.1984,0.1717,3
GC,1,1,0.2445,0.1682,3
GC,1,1,0.2613,0.1959,3
GC,1,1,0.2107,0.1606,3
GC,1,1,0.2164,0.1605,3
GC,1,1,0.2328,0.1762,3
GC,1,1,0.3014,0.1995,3
GC,1,1,0.2267,0.163,3
GC,1,1,0.2704,0.1995,3
GC,1,1,0.2972,0.212,3
GC,1,1,0.2608,0.193,3
GC,1,1,0.2384,0.1748,3
GC,1,1,0.2579,0.2047,3
GC,1,1,0.2898,0.2033,3
GC,1,1,0.2495,0.1615,3
GC,1,1,0.2278,0.158,3
GC,1,1,0.2478,0.1698,3
GC,1,1,0.2849,0.2095,3
GC,1,1,0.2934,0.2382,3
GC,1,1,0.2769,0.2057,3
GC,1,2,0.2383,0.1746,3
GC,1,2,0.2131,0.1726,3
GC,1,2,0.3068,0.2202,3
GC,1,2,0.2878,0.1956,3
GC,1,2,0.2908,0.1994,3
GC,1,2,0.2773,0.1984,3
GC,1,2,0.2737,0.1816,3
GC,1,2,0.2839,0.2012,3
GC,1,2,0.2812,0.1775,3
GC,1,2,0.2902,0.2119,3
GC,1,2,0.2718,0.2107,3
GC,1,2,0.2946,0.2008,3
GC,1,2,0.2695,0.1989,3
GC,1,2,0.2912,0.2139,3
GC,1,2,0.3062,0.2353,3
GC,1,2,0.3402,0.2372,3
GC,1,2,0.2977,0.2158,3
GC,1,2,0.2783,0.1985,3
GC,1,2,0.2313,0.1572,3
GC,1,2,0.2869,0.2211,3
GC,1,2,0.2943,0.2216,3
GC,1,2,0.3079,0.224,3
GC,1,2,0.2966,0.2247,3
GC,1,2,0.3259,0.2414,3
GC,1,2,0.284,0.2152,3
GC,1,2,0.3155,0.2346,3
GC,1,2,0.2843,0.2318,3
GC,1,2,0.3078,0.2245,3
GC,1,2,0.3175,0.2241,3
GC,1,2,0.3002,0.2306,3
GC,1,2,0.3021,0.2345,3
GC,1,2,0.2436,0.1988,3
GC,1,2,0.2861,0.2456,3
GC,1,2,0.287,0.2631,3
GC,1,2,0.3035,0.2318,3
GC,1,2,0.2854,0.2393,3
GC,1,2,0.2675,0.2113,3
GC,1,2,0.2797,0.2052,3
GC,1,2,0.2934,0.2084,3
GC,1,2,0.3029,0.2459,3
GC,1,2,0.2874,0.2277,3
GC,1,2,0.2645,0.212,3
GC,1,2,0.3033,0.2336,3
GC,1,2,0.3088,0.2376,3
GC,1,3,0.2693,0.1783,3
GC,1,3,0.2417,0.1567,3
GC,1,3,0.2793,0.194,3
GC,1,3,0.259,0.1662,3
GC,1,3,0.2713,0.2052,3
GC,1,3,0.3127,0.2282,3
GC,1,3,0.287,0.1994,3
GC,1,3,0.3016,0.1943,3
GC,1,3,0.2907,0.1912,3
GC,1,3,0.3258,0.2192,3
GC,1,3,0.2993,0.2357,3
GC,1,3,0.2827,0.2017,3
GC,1,3,0.2878,0.1872,3
GC,1,3,0.3282,0.2275,3
GC,1,3,0.3054,0.2096,3
GC,1,3,0.2963,0.2052,3
GC,1,3,0.268,0.1899,3
GC,1,3,0.2898,0.2089,3
GC,1,3,0.2927,0.2251,3
GC,1,3,0.2874,0.2079,3
GC,1,3,0.3207,0.2108,3
GC,1,3,0.331,0.2418,3
GC,1,3,0.318,0.2278,3
GC,1,3,0.3346,0.2475,3
GC,1,3,0.3185,0.2481,3
GC,1,3,0.3042,0.2422,3
GC,1,3,0.331,0.2719,3
GC,1,3,0.2747,0.2408,3
GC,1,3,0.2892,0.2159,3
GC,1,3,0.2677,0.2147,3
GC,1,3,0.322,0.2441,3
GC,1,3,0.2889,0.2163,3
GC,1,3,0.3581,0.241,3
GC,1,3,0.3214,0.23,3
GC,1,3,0.3125,0.2303,3
GC,1,3,0.3105,0.2481,3
GC,1,3,0.4116,0.2792,3
GC,1,3,0.3705,0.3126,3
LD,1,1,0.1737,0.0976,3
LD,1,1,0.151,0.1099,3
LD,1,1,0.1619,0.0926,3
LD,1,1,0.1137,0.0921,3
LD,1,1,0.1479,0.125,3
LD,1,1,0.1383,0.1216,3
LD,1,1,0.1275,0.0956,3
LD,1,1,0.1451,0.1189,3
LD,1,1,0.1494,0.1273,3
LD,1,1,0.1698,0.1186,3
LD,1,1,0.142,0.1213,3
LD,1,1,0.1377,0.0947,3
LD,1,1,0.147,0.1268,3
LD,1,1,0.1611,0.1119,3
LD,1,1,0.1432,0.1226,3
LD,1,1,0.1441,0.1027,3
LD,1,1,0.1423,0.1139,3
LD,1,1,0.1554,0.1214,3
LD,1,1,0.1519,0.1233,3
LD,1,1,0.1784,0.1383,3
LD,1,2,0.1744,0.0579,3
LD,1,2,0.1412,0.1108,3
LD,1,2,0.1464,0.1228,3
LD,1,2,0.1595,0.1231,3
LD,1,2,0.1493,0.1187,3
LD,1,2,0.1473,0.1187,3
LD,1,2,0.1791,0.1305,3
LD,1,2,0.1427,0.1185,3
LD,1,2,0.1563,0.1244,3
LD,1,2,0.1566,0.1097,3
LD,1,2,0.1519,0.1089,3
LD,1,2,0.1367,0.1047,3
LD,1,2,0.1527,0.1152,3
LD,1,2,0.1527,0.1131,3
LD,1,2,0.1404,0.1084,3
LD,1,2,0.137,0.0999,3
LD,1,2,0.1465,0.1218,3
LD,1,2,0.1354,0.1102,3
LD,1,2,0.1531,0.1182,3
LD,1,2,0.1661,0.1249,3
LD,1,2,0.1511,0.1196,3
LD,1,2,0.1306,0.104,3
LD,1,2,0.2229,0.1847,3
LD,1,3,0.149,0.0925,3
LD,1,3,0.1484,0.1118,3
LD,1,3,0.1165,0.078,3
LD,1,3,0.0876,0.0598,3
LD,1,3,0.1279,0.0994,3
LD,1,3,0.1259,0.0996,3
LD,1,3,0.1753,0.1339,3
LD,1,3,0.1761,0.1176,3
LD,1,3,0.1671,0.1266,3
LD,1,3,0.1552,0.1239,3
LD,1,3,0.1672,0.1228,3
LD,1,3,0.1753,0.1192,3
LD,1,3,0.1483,0.1093,3
LD,1,3,0.1498,0.1032,3
LD,1,3,0.1501,0.1152,3
LD,1,3,0.1405,0.1076,3
LD,1,3,0.1556,0.0967,3
LD,1,3,0.1633,0.1053,3
LD,1,3,0.1805,0.1331,3
LD,1,3,0.1773,0.1399,3
KL,1,1,0.118,0.105,3
KL,1,1,0.119,0.108,3
KL,1,1,0.107,0.093,3
KL,1,1,0.107,0.096,3
KL,1,1,0.113,0.105,3
KL,1,1,0.134,0.122,3
KL,1,1,0.14,0.111,3
KL,1,1,0.122,0.111,3
KL,1,1,0.112,0.1,3
KL,1,1,0.109,0.097,3
KL,1,1,0.136,0.123,3
KL,1,1,0.125,0.113,3
KL,1,1,0.152,0.135,3
KL,1,1,0.121,0.109,3
KL,1,1,0.128,0.115,3
KL,1,1,0.118,0.106,3
KL,1,1,0.121,0.109,3
KL,1,1,0.124,0.111,3
KL,1,1,0.155,0.129,3
KL,1,1,0.143,0.132,3
KL,1,1,0.159,0.144,3
KL,1,1,0.142,0.128,3
KL,1,1,0.177,0.137,3
KL,1,1,0.144,0.133,3
KL,1,1,0.157,0.129,3
KL,1,1,0.134,0.121,3
KL,1,1,0.144,0.121,3
KL,1,2,0.24,0.136,3
KL,1,2,0.304,0.214,3
KL,1,2,0.255,0.143,3
KL,1,2,0.313,0.221,3
KL,1,2,0.36,0.253,3
KL,1,2,0.332,0.219,3
KL,1,2,0.36,0.249,3
KL,1,2,0.378,0.247,3
KL,1,2,0.354,0.229,3
KL,1,2,0.343,0.236,3
KL,1,2,0.342,0.261,3
KL,1,2,0.287,0.213,3
KL,1,2,0.355,0.242,3
KL,1,2,0.348,0.272,3
KL,1,2,0.343,0.257,3
KL,1,2,0.357,0.275,3
KL,1,2,0.378,0.275,3
KL,1,3,0.324,0.238,3
KL,1,3,0.313,0.203,3
KL,1,3,0.314,0.226,3
KL,1,3,0.279,0.183,3
KL,1,3,0.286,0.199,3
KL,1,3,0.262,0.168,3
KL,1,3,0.292,0.207,3
KL,1,3,0.252,0.18,3
KL,1,3,0.285,0.201,3
KL,1,3,0.26,0.179,3
KL,1,3,0.263,0.174,3
KL,1,3,0.269,0.185,3
KL,1,3,0.27,0.204,3
KL,1,3,0.262,0.196,3
KL,1,3,0.246,0.179,3
KL,1,3,0.277,0.202,3
KL,1,3,0.28,0.218,3
KL,1,3,0.284,0.207,3
KL,1,3,0.274,0.19,3
AD,1,1,0.153,0.118,3
AD,1,1,0.137,0.11,3
AD,1,1,0.142,0.122,3
AD,1,1,0.151,0.128,3
AD,1,1,0.148,0.129,3
AD,1,1,0.15,0.13,3
AD,1,1,0.149,0.125,3
AD,1,1,0.162,0.134,3
AD,1,1,0.153,0.135,3
AD,1,1,0.147,0.137,3
AD,1,1,0.174,0.115,3
AD,1,1,0.153,0.142,3
AD,1,1,0.16,0.147,3
AD,1,1,0.165,0.147,3
AD,1,1,0.161,0.146,3
AD,1,1,0.163,0.153,3
AD,1,1,0.159,0.144,3
AD,1,1,0.18,0.165,3
AD,1,1,0.153,0.143,3
AD,1,1,0.173,0.157,3
AD,1,1,0.15,0.135,3
AD,1,1,0.199,0.188,3
AD,1,2,0.286,0.259,3
AD,1,2,0.306,0.263,3
AD,1,2,0.321,0.292,3
AD,1,2,0.319,0.293,3
AD,1,2,0.28,0.243,3
AD,1,2,0.316,0.284,3
AD,1,2,0.281,0.262,3
AD,1,2,0.288,0.259,3
AD,1,2,0.304,0.267,3
AD,1,2,0.306,0.271,3
AD,1,2,0.306,0.279,3
AD,1,2,0.279,0.259,3
AD,1,2,0.303,0.269,3
AD,1,2,0.299,0.277,3
AD,1,2,0.31,0.29,3
AD,1,2,0.317,0.293,3
AD,1,3,0.192,0.155,3
AD,1,3,0.217,0.19,3
AD,1,3,0.219,0.188,3
AD,1,3,0.206,0.182,3
AD,1,3,0.222,0.195,3
AD,1,3,0.197,0.17,3
AD,1,3,0.224,0.195,3
AD,1,3,0.194,0.172,3
AD,1,3,0.221,0.187,3
AD,1,3,0.225,0.198,3
CN,1,1,0.1264,0.0805,3
CN,1,1,0.1503,0.0881,3
CN,1,1,0.1184,0.0968,3
CN,1,1,0.1471,0.1136,3
CN,1,1,0.1342,0.1017,3
CN,1,1,0.1275,0.0967,3
CN,1,1,0.1276,0.1041,3
CN,1,1,0.1269,0.0949,3
CN,1,1,0.1331,0.1015,3
CN,1,1,0.1291,0.0938,3
CN,1,1,0.1215,0.0893,3
CN,1,1,0.1082,0.0874,3
CN,1,1,0.1373,0.1061,3
CN,1,1,0.137,0.1058,3
CN,1,1,0.1111,0.0876,3
CN,1,1,0.131,0.1091,3
CN,1,1,0.1252,0.0766,3
CN,1,1,0.1137,0.093,3
CN,1,2,0.1169,0.0514,3
CN,1,2,0.1002,0.051,3
CN,1,2,0.1165,0.0654,3
CN,1,2,0.1118,0.0689,3
CN,1,2,0.1081,0.0613,3
CN,1,2,0.1061,0.0661,3
CN,1,2,0.0955,0.0498,3
CN,1,2,0.1208,0.0858,3
CN,1,2,0.1181,0.0627,3
CN,1,2,0.119,0.0723,3
CN,1,2,0.1182,0.0624,3
CN,1,2,0.113,0.0525,3
CN,1,2,0.1053,0.0752,3
CN,1,2,0.1151,0.0762,3
CN,1,2,0.1223,0.0677,3
CN,1,2,0.1109,0.0697,3
CN,1,2,0.1129,0.067,3
CN,1,2,0.1155,0.0746,3
CN,1,2,0.1193,0.0674,3
CN,1,2,0.1087,0.0588,3
CN,1,2,0.1065,0.0679,3
CN,1,2,0.0997,0.06,3
CN,1,2,0.1118,0.07,3
CN,1,2,0.1055,0.0667,3
CN,1,3,0.133,0.07,3
CN,1,3,0.121,0.074,3
CN,1,3,0.154,0.09,3
CN,1,3,0.133,0.08,3
CN,1,3,0.139,0.07,3
CN,1,3,0.118,0.08,3
CN,1,3,0.135,0.08,3
CN,1,3,0.118,0.068,3
CN,1,3,0.128,0.079,3
CN,1,3,0.123,0.084,3
CN,1,3,0.125,0.074,3
CN,1,3,0.131,0.079,3
CN,1,3,0.109,0.058,3
CN,1,3,0.138,0.092,3
CN,1,3,0.137,0.074,3
CN,1,3,0.137,0.093,3
CN,1,3,0.137,0.082,3
CN,1,3,0.131,0.079,3
CN,1,3,0.132,0.074,3
CN,1,3,0.127,0.083,3
JG,1,3,0.121,0.082,3
JG,1,3,0.124,0.085,3
JG,1,3,0.122,0.091,3
JG,1,3,0.129,0.098,3
JG,1,3,0.115,0.086,3
JG,1,3,0.124,0.093,3
JG,1,3,0.114,0.088,3
JG,1,3,0.112,0.08,3
JG,1,3,0.137,0.101,3
JG,1,3,0.115,0.086,3
JG,1,3,0.118,0.096,3
JG,1,3,0.127,0.088,3
JG,1,1,0.129,0.106,3
JG,1,1,0.132,0.12,3
JG,1,1,0.147,0.135,3
JG,1,1,0.138,0.127,3
JG,1,1,0.13,0.118,3
JG,1,1,0.131,0.118,3
JG,1,1,0.145,0.133,3
JG,1,1,0.128,0.117,3
JG,1,1,0.149,0.137,3
JG,1,1,0.133,0.122,3
JG,1,2,0.123,0.089,3
JG,1,2,0.15,0.132,3
JG,1,2,0.153,0.131,3
JG,1,2,0.155,0.14,3
JG,1,2,0.153,0.132,3
JG,1,2,0.162,0.145,3
JG,1,2,0.152,0.134,3
JG,1,2,0.176,0.159,3
JG,1,2,0.158,0.113,3
JG,1,2,0.153,0.137,3
KG,1,1,0.0884,0.0712,3
KG,1,1,0.0896,0.079,3
KG,1,1,0.0883,0.0778,3
KG,1,1,0.0922,0.0818,3
KG,1,1,0.0789,0.0681,3
KG,1,1,0.0857,0.0761,3
KG,1,1,0.0867,0.0766,3
KG,1,1,0.0752,0.06,3
KG,1,1,0.1034,0.0924,3
KG,1,1,0.1027,0.0932,3
KG,1,1,0.0923,0.0714,3
KG,1,1,0.0867,0.077,3
KG,1,1,0.0917,0.0795,3
KG,1,1,0.1173,0.104,3
KG,1,1,0.0875,0.0743,3
KG,1,1,0.1072,0.0972,3
KG,1,1,0.0807,0.0696,3
KG,1,1,0.1004,0.0894,3
KG,1,1,0.0965,0.0847,3
KG,1,1,0.0994,0.0888,3
KG,1,2,0.0634,0.039,3
KG,1,2,0.0746,0.0426,3
KG,1,2,0.09,0.0657,3
KG,1,2,0.0728,0.0462,3
KG,1,2,0.0675,0.0515,3
KG,1,2,0.0728,0.0527,3
KG,1,2,0.0776,0.0598,3
KG,1,2,0.0812,0.0604,3
KG,1,2,0.0746,0.0551,3
KG,1,2,0.1,0.0734,3
KG,1,2,0.1031,0.0728,3
KG,1,2,0.09,0.0693,3
KG,1,2,0.0971,0.0675,3
KG,1,2,0.0634,0.0515,3
KG,1,2,0.0829,0.0568,3
KG,1,2,0.0782,0.0604,3
KG,1,2,0.0865,0.0616,3
KG,1,2,0.0865,0.064,3
KG,1,2,0.074,0.0598,3
KG,1,2,0.0734,0.0539,3
KG,1,2,0.0794,0.0628,3
KG,1,2,0.0728,0.052,3
KG,1,2,0.0723,0.0545,3
KG,1,2,0.0705,0.0521,3
KG,1,3,0.0869,0.0567,3
KG,1,3,0.0792,0.0617,3
KG,1,3,0.0909,0.0684,3
KG,1,3,0.0868,0.0584,3
KG,1,3,0.1026,0.0734,3
KG,1,3,0.1085,0.0868,3
KG,1,3,0.1101,0.0776,3
KG,1,3,0.0984,0.0792,3
KG,1,3,0.1076,0.0759,3
KG,1,3,0.0909,0.0709,3
KG,1,3,0.106,0.0809,3
KG,1,3,0.0826,0.0692,3
KG,1,3,0.0943,0.0692,3
KG,1,3,0.0926,0.06,3
KG,1,3,0.1151,0.0751,3
KG,1,3,0.0976,0.0751,3
KG,1,3,0.0951,0.06,3
KG,1,3,0.1085,0.0759,3
KG,1,3,0.1101,0.0609,3
KG,1,3,0.0926,0.0575,3
KG,1,3,0.0859,0.056,3
KG,1,3,0.0884,0.0651,3
KG,1,3,0.106,0.065,3
KG,1,3,0.116,0.0809,3
KG,1,3,0.1443,0.111,3
KG,1,3,0.1869,0.0918,3
KG,1,3,0.0834,0.0575,3
BM,1,1,0.193,0.183,3
BM,1,1,0.202,0.192,3
BM,1,1,0.213,0.203,3
BM,1,1,0.201,0.191,3
BM,1,1,0.211,0.201,3
BM,1,1,0.2,0.187,3
BM,1,1,0.206,0.194,3
BM,1,1,0.205,0.193,3
BM,1,1,0.196,0.185,3
BM,1,1,0.205,0.189,3
BM,1,1,0.207,0.19,3
BM,1,1,0.208,0.196,3
BM,1,1,0.203,0.192,3
BM,1,1,0.218,0.204,3
BM,1,2,0.088,0.068,3
BM,1,2,0.1,0.087,3
BM,1,2,0.103,0.09,3
BM,1,2,0.085,0.073,3
BM,1,2,0.084,0.072,3
BM,1,2,0.089,0.074,3
BM,1,2,0.09,0.077,3
BM,1,2,0.104,0.09,3
BM,1,2,0.095,0.083,3
BM,1,2,0.096,0.087,3
BM,1,3,0.166,0.139,3
BM,1,3,0.147,0.127,3
BM,1,3,0.136,0.113,3
BM,1,3,0.143,0.121,3
BM,1,3,0.158,0.137,3
BM,1,3,0.166,0.145,3
BM,1,3,0.174,0.149,3
BM,1,3,0.187,0.157,3
BM,1,3,0.173,0.15,3
GR,1,1,0.271,0.213,3
GR,1,1,0.295,0.223,3
GR,1,1,0.278,0.248,3
GR,1,1,0.277,0.241,3
GR,1,1,0.274,0.241,3
GR,1,1,0.279,0.251,3
GR,1,1,0.278,0.245,3
GR,1,1,0.293,0.234,3
GR,1,1,0.267,0.219,3
GR,1,1,0.252,0.211,3
GR,1,1,0.236,0.218,3
GR,1,1,0.257,0.237,3
GR,1,1,0.247,0.228,3
GR,1,1,0.228,0.207,3
GR,1,1,0.248,0.203,3
GR,1,2,0.214,0.147,3
GR,1,2,0.17,0.123,3
GR,1,2,0.203,0.144,3
GR,1,2,0.195,0.144,3
GR,1,2,0.212,0.141,3
GR,1,2,0.193,0.153,3
GR,1,2,0.2,0.139,3
GR,1,2,0.201,0.146,3
GR,1,2,0.21,0.146,3
GR,1,2,0.204,0.156,3
GR,1,2,0.207,0.147,3
GR,1,2,0.202,0.146,3
GR,1,2,0.211,0.147,3
GR,1,2,0.189,0.151,3
GR,1,2,0.397,0.317,3
GR,1,3,0.172,0.107,3
GR,1,3,0.182,0.146,3
GR,1,3,0.212,0.133,3
GR,1,3,0.203,0.143,3
GR,1,3,0.195,0.123,3
GR,1,3,0.207,0.14,3
GR,1,3,0.216,0.143,3
GR,1,3,0.204,0.133,3
GR,1,3,0.235,0.169,3
GR,1,3,0.201,0.14,3
GR,1,3,0.23,0.143,3
GR,1,3,0.24,0.149,3
GR,1,3,0.2,0.141,3
GR,1,3,0.206,0.152,3
GR,1,3,0.277,0.212,3
RJ,1,1,0.105,0.066,3
RJ,1,1,0.113,0.102,3
RJ,1,1,0.104,0.079,3
RJ,1,1,0.096,0.085,3
RJ,1,1,0.113,0.095,3
RJ,1,1,0.106,0.094,3
RJ,1,1,0.129,0.09,3
RJ,1,1,0.108,0.095,3
RJ,1,1,0.103,0.088,3
RJ,1,1,0.115,0.109,3
RJ,1,1,0.13,0.077,3
RJ,1,1,0.099,0.086,3
RJ,1,1,0.106,0.064,3
RJ,1,1,0.115,0.104,3
RJ,1,1,0.149,0.126,3
RJ,1,1,0.112,0.098,3
RJ,1,1,0.134,0.111,3
RJ,1,1,0.121,0.112,3
RJ,1,1,0.12,0.076,3
RJ,1,1,0.099,0.088,3
RJ,1,1,0.224,0.151,3
RJ,1,2,0.085,0.052,3
RJ,1,2,0.084,0.059,3
RJ,1,2,0.084,0.062,3
RJ,1,2,0.087,0.068,3
RJ,1,2,0.079,0.05,3
RJ,1,2,0.1,0.081,3
RJ,1,2,0.083,0.07,3
RJ,1,2,0.104,0.086,3
RJ,1,2,0.092,0.069,3
RJ,1,2,0.113,0.092,3
RJ,1,2,0.082,0.066,3
RJ,1,2,0.132,0.109,3
RJ,1,2,0.095,0.064,3
RJ,1,2,0.096,0.08,3
RJ,1,2,0.081,0.059,3
RJ,1,2,0.102,0.081,3
RJ,1,2,0.085,0.072,3
RJ,1,3,0.381,0.318,3
RJ,1,3,0.338,0.287,3
RJ,1,3,0.374,0.307,3
RJ,1,3,0.273,0.211,3
RJ,1,3,0.233,0.166,3
RJ,1,3,0.136,0.092,3
RJ,1,3,0.148,0.122,3
RJ,1,3,0.16,0.124,3
RJ,1,3,0.143,0.106,3
RJ,1,3,0.15,0.116,3
RJ,1,3,0.172,0.139,3
DD,1,1,0.162,0.12,3
DD,1,1,0.181,0.145,3
DD,1,1,0.174,0.15,3
DD,1,1,0.17,0.126,3
DD,1,1,0.167,0.13,3
DD,1,1,0.129,0.116,3
DD,1,1,0.184,0.15,3
DD,1,1,0.149,0.134,3
DD,1,1,0.191,0.137,3
DD,1,1,0.155,0.131,3
DD,1,1,0.159,0.129,3
DD,1,1,0.148,0.13,3
DD,1,1,0.141,0.125,3
DD,1,1,0.159,0.138,3
DD,1,1,0.164,0.137,3
DD,1,2,0.195,0.136,3
DD,1,2,0.161,0.126,3
DD,1,2,0.192,0.156,3
DD,1,2,0.166,0.125,3
DD,1,2,0.204,0.13,3
DD,1,2,0.174,0.134,3
DD,1,2,0.158,0.125,3
DD,1,2,0.166,0.133,3
DD,1,2,0.166,0.14,3
DD,1,2,0.27,0.232,3
DD,1,3,0.156,0.12,3
DD,1,3,0.148,0.119,3
DD,1,3,0.146,0.112,3
DD,1,3,0.138,0.102,3
DD,1,3,0.17,0.137,3
DD,1,3,0.193,0.152,3
DD,1,3,0.149,0.121,3
DD,1,3,0.144,0.118,3
DD,1,3,0.107,0.081,3
DD,1,3,0.148,0.1,3
AB,1,3,0.2903,0.1715,2
AB,1,3,0.3366,0.2395,2
AB,1,3,0.2993,0.2206,2
AB,1,3,0.3377,0.2262,2
AB,1,3,0.3192,0.2395,2
AB,1,3,0.3211,0.2111,2
AB,1,3,0.3246,0.2532,2
AB,1,3,0.3366,0.2237,2
AB,1,3,0.3657,0.2483,2
AB,1,3,0.3563,0.2619,2
AB,1,3,0.3527,0.2492,2
AB,1,3,0.3507,0.2597,2
AB,1,3,0.3607,0.2472,2
AB,1,3,0.3341,0.2195,2
AB,1,3,0.3095,0.201,2
AB,1,2,0.3369,0.1732,2
AB,1,2,0.311,0.1909,2
AB,1,2,0.3167,0.2071,2
AB,1,2,0.3453,0.2267,2
AB,1,2,0.3489,0.2537,2
AB,1,2,0.3086,0.2359,2
AB,1,2,0.325,0.232,2
AB,1,2,0.3538,0.259,2
AB,1,2,0.3573,0.2304,2
AB,1,2,0.3441,0.2507,2
AB,1,2,0.3256,0.2267,2
AB,1,2,0.3594,0.2265,2
AB,1,2,0.3373,0.2437,2
AB,1,2,0.3832,0.2611,2
AB,1,2,0.3409,0.2673,2
AB,1,2,0.2929,0.1999,2
AB,1,2,0.3086,0.2192,2
AB,1,1,0.2735,0.146,2
AB,1,1,0.3247,0.2003,2
AB,1,1,0.3103,0.2052,2
AB,1,1,0.3212,0.2233,2
AB,1,1,0.3046,0.2165,2
AB,1,1,0.2987,0.2164,2
AB,1,1,0.2785,0.1985,2
AB,1,1,0.3284,0.2482,2
AB,1,1,0.2906,0.2068,2
AB,1,1,0.2923,0.2134,2
AB,1,1,0.2798,0.1892,2
AB,1,1,0.2788,0.2081,2
AB,1,1,0.2792,0.2255,2
AB,1,1,0.3135,0.2427,2
AB,1,1,0.254,0.2067,2
AB,1,1,0.3041,0.228,2
AB,1,1,0.2774,0.2578,2
AB,1,1,0.2219,0.1929,2
GC,1,1,0.2449,0.1866,2
GC,1,1,0.2884,0.2191,2
GC,1,1,0.2329,0.1882,2
GC,1,1,0.2711,0.2098,2
GC,1,1,0.2496,0.2019,2
GC,1,1,0.2526,0.199,2
GC,1,1,0.2152,0.1709,2
GC,1,1,0.2383,0.1723,2
GC,1,1,0.2397,0.1751,2
GC,1,1,0.232,0.1591,2
GC,1,1,0.2152,0.1568,2
GC,1,1,0.2596,0.1748,2
GC,1,1,0.2129,0.1367,2
GC,1,1,0.2469,0.1627,2
GC,1,1,0.2222,0.1617,2
GC,1,1,0.2222,0.1539,2
GC,1,1,0.2298,0.1487,2
GC,1,1,0.2278,0.146,2
GC,1,1,0.236,0.1377,2
GC,1,1,0.2109,0.1233,2
GC,1,1,0.2499,0.1703,2
GC,1,1,0.2664,0.1809,2
GC,1,1,0.2245,0.2129,2
GC,1,2,0.3738,0.2612,2
GC,1,2,0.3305,0.2751,2
GC,1,2,0.3413,0.2615,2
GC,1,2,0.3501,0.2804,2
GC,1,2,0.3486,0.2517,2
GC,1,2,0.3232,0.2327,2
GC,1,2,0.3105,0.2247,2
GC,1,2,0.2859,0.2141,2
GC,1,2,0.2576,0.1953,2
GC,1,2,0.2881,0.2136,2
GC,1,2,0.2986,0.2119,2
GC,1,2,0.2695,0.1913,2
GC,1,2,0.321,0.2354,2
GC,1,2,0.2849,0.2082,2
GC,1,2,0.2642,0.2105,2
GC,1,2,0.3113,0.2205,2
GC,1,2,0.3292,0.2327,2
GC,1,2,0.2986,0.1956,2
GC,1,2,0.2967,0.2054,2
GC,1,2,0.324,0.2491,2
GC,1,2,0.294,0.2053,2
GC,1,2,0.2544,0.1914,2
GC,1,3,0.2886,0.221,2
GC,1,3,0.3279,0.2105,2
GC,1,3,0.2729,0.2097,2
GC,1,3,0.2988,0.2152,2
GC,1,3,0.2782,0.2079,2
GC,1,3,0.2278,0.178,2
GC,1,3,0.3307,0.223,2
GC,1,3,0.2852,0.1887,2
GC,1,3,0.2855,0.1905,2
GC,1,3,0.3089,0.2031,2
GC,1,3,0.3116,0.2125,2
GC,1,3,0.2816,0.202,2
GC,1,3,0.3175,0.2334,2
GC,1,3,0.3226,0.2347,2
GC,1,3,0.3073,0.2136,2
GC,1,3,0.2991,0.211,2
GC,1,3,0.2877,0.1862,2
GC,1,3,0.2757,0.1856,2
GC,1,3,0.307,0.2119,2
GC,1,3,0.2684,0.1934,2
LD,1,1,0.2821,0.1565,2
LD,1,1,0.2816,0.181,2
LD,1,1,0.2684,0.188,2
LD,1,1,0.2592,0.1758,2
LD,1,1,0.2746,0.1862,2
LD,1,1,0.2674,0.1781,2
LD,1,1,0.2799,0.1859,2
LD,1,1,0.2861,0.2009,2
LD,1,1,0.2829,0.2002,2
LD,1,1,0.2698,0.185,2
LD,1,1,0.2767,0.1894,2
LD,1,2,0.3766,0.2594,2
LD,1,2,0.3865,0.3033,2
LD,1,2,0.3425,0.283,2
LD,1,2,0.357,0.297,2
LD,1,2,0.3449,0.2668,2
LD,1,2,0.3356,0.2828,2
LD,1,2,0.3539,0.2849,2
LD,1,2,0.3679,0.2532,2
LD,1,2,0.3627,0.2943,2
LD,1,2,0.3907,0.3261,2
LD,1,3,0.2278,0.1296,2
LD,1,3,0.2244,0.167,2
LD,1,3,0.1846,0.1511,2
LD,1,3,0.1864,0.1553,2
LD,1,3,0.2072,0.1598,2
LD,1,3,0.1803,0.1405,2
LD,1,3,0.208,0.1537,2
LD,1,3,0.1791,0.149,2
LD,1,3,0.1876,0.1515,2
LD,1,3,0.2006,0.1624,2
LD,1,3,0.1863,0.1495,2
LD,1,3,0.1897,0.1556,2
LD,1,3,0.1689,0.1143,2
LD,1,3,0.2224,0.185,2
LD,1,3,0.2387,0.2,2
AD,1,1,0.297,0.239,2
AD,1,1,0.321,0.253,2
AD,1,1,0.336,0.267,2
AD,1,1,0.292,0.226,2
AD,1,1,0.32,0.252,2
AD,1,1,0.285,0.233,2
AD,1,1,0.31,0.241,2
AD,1,1,0.286,0.226,2
AD,1,1,0.29,0.241,2
AD,1,1,0.297,0.267,2
AD,1,1,0.257,0.225,2
AD,1,1,0.285,0.246,2
AD,1,1,0.332,0.295,2
AD,1,1,0.287,0.238,2
AD,1,1,0.294,0.262,2
AD,1,1,0.273,0.235,2
AD,1,1,0.281,0.235,2
AD,1,2,0.322,0.289,2
AD,1,2,0.353,0.31,2
AD,1,2,0.378,0.335,2
AD,1,2,0.37,0.332,2
AD,1,2,0.38,0.333,2
AD,1,2,0.369,0.324,2
AD,1,2,0.369,0.319,2
AD,1,2,0.375,0.335,2
AD,1,2,0.384,0.331,2
AD,1,2,0.368,0.338,2
AD,1,2,0.356,0.299,2
AD,1,2,0.371,0.341,2
AD,1,3,0.293,0.255,2
AD,1,3,0.339,0.305,2
AD,1,3,0.341,0.296,2
AD,1,3,0.316,0.275,2
AD,1,3,0.321,0.275,2
AD,1,3,0.309,0.268,2
AD,1,3,0.319,0.274,2
AD,1,3,0.328,0.281,2
AD,1,3,0.326,0.279,2
AD,1,3,0.341,0.294,2
CN,1,1,0.2083,0.1505,2
CN,1,1,0.2342,0.1774,2
CN,1,1,0.2351,0.1775,2
CN,1,1,0.2233,0.1832,2
CN,1,1,0.217,0.164,2
CN,1,1,0.2215,0.1669,2
CN,1,1,0.2272,0.1703,2
CN,1,1,0.2064,0.1513,2
CN,1,1,0.2149,0.1525,2
CN,1,1,0.2089,0.1677,2
CN,1,1,0.1959,0.1371,2
CN,1,1,0.2022,0.1586,2
CN,1,1,0.1985,0.1668,2
CN,1,1,0.2194,0.159,2
CN,1,1,0.2221,0.1653,2
CN,1,1,0.1988,0.1578,2
CN,1,1,0.2682,0.2025,2
CN,1,2,0.235,0.134,2
CN,1,2,0.2082,0.126,2
CN,1,2,0.1703,0.1116,2
CN,1,2,0.1821,0.1149,2
CN,1,2,0.1646,0.1044,2
CN,1,2,0.1936,0.1132,2
CN,1,2,0.1591,0.0752,2
CN,1,2,0.1838,0.1084,2
CN,1,2,0.1611,0.0881,2
CN,1,2,0.1655,0.0768,2
CN,1,2,0.1627,0.0853,2
CN,1,2,0.1684,0.0913,2
CN,1,2,0.158,0.0783,2
CN,1,2,0.1667,0.0616,2
CN,1,2,0.153,0.0854,2
CN,1,2,0.1615,0.0869,2
CN,1,2,0.1654,0.0845,2
CN,1,2,0.1634,0.0871,2
CN,1,2,0.141,0.0693,2
CN,1,2,0.149,0.0938,2
CN,1,2,0.1589,0.0912,2
CN,1,2,0.1306,0.0751,2
CN,1,2,0.1689,0.086,2
CN,1,2,0.1435,0.0908,2
CN,1,2,0.22,0.1495,2
CN,1,3,0.223,0.163,2
CN,1,3,0.29,0.205,2
CN,1,3,0.308,0.242,2
CN,1,3,0.298,0.219,2
CN,1,3,0.282,0.214,2
CN,1,3,0.285,0.203,2
CN,1,3,0.282,0.205,2
CN,1,3,0.276,0.196,2
CN,1,3,0.252,0.188,2
CN,1,3,0.246,0.169,2
CN,1,3,0.266,0.18,2
CN,1,3,0.246,0.171,2
CN,1,3,0.328,0.231,2
JG,1,3,0.223,0.182,2
JG,1,3,0.211,0.166,2
JG,1,3,0.218,0.179,2
JG,1,3,0.209,0.179,2
JG,1,3,0.201,0.163,2
JG,1,3,0.195,0.156,2
JG,1,3,0.196,0.162,2
JG,1,3,0.196,0.158,2
JG,1,3,0.18,0.16,2
JG,1,3,0.196,0.175,2
JG,1,3,0.187,0.172,2
JG,1,3,0.17,0.151,2
JG,1,3,0.194,0.148,2
JG,1,3,0.17,0.139,2
JG,1,3,0.188,0.161,2
JG,1,3,0.173,0.142,2
JG,1,3,0.189,0.151,2
JG,1,3,0.146,0.121,2
JG,1,3,0.197,0.144,2
JG,1,3,0.19,0.142,2
JG,1,3,0.164,0.129,2
JG,1,3,0.161,0.129,2
JG,1,3,0.146,0.117,2
JG,1,1,0.182,0.161,2
JG,1,1,0.208,0.176,2
JG,1,1,0.2,0.179,2
JG,1,1,0.187,0.164,2
JG,1,1,0.163,0.151,2
JG,1,1,0.182,0.169,2
JG,1,1,0.186,0.172,2
JG,1,1,0.199,0.161,2
JG,1,1,0.164,0.154,2
JG,1,1,0.171,0.16,2
JG,1,2,0.218,0.187,2
JG,1,2,0.211,0.162,2
JG,1,2,0.223,0.185,2
JG,1,2,0.215,0.199,2
JG,1,2,0.213,0.189,2
JG,1,2,0.212,0.172,2
JG,1,2,0.187,0.174,2
JG,1,2,0.212,0.195,2
JG,1,2,0.218,0.196,2
JG,1,2,0.172,0.158,2
KG,1,1,0.1819,0.1319,2
KG,1,1,0.1537,0.1053,2
KG,1,1,0.0748,0.06,2
KG,1,1,0.0775,0.0613,2
KG,1,1,0.0632,0.0448,2
KG,1,1,0.0977,0.0828,2
KG,1,1,0.1036,0.0774,2
KG,1,1,0.1011,0.0871,2
KG,1,1,0.1045,0.0893,2
KG,1,1,0.091,0.0774,2
KG,1,1,0.0817,0.0696,2
KG,1,1,0.0955,0.0837,2
KG,1,1,0.0855,0.0748,2
KG,1,1,0.0909,0.0803,2
KG,1,1,0.0916,0.0803,2
KG,1,1,0.1097,0.0989,2
KG,1,1,0.1163,0.1065,2
KG,1,1,0.1136,0.101,2
KG,1,2,0.1303,0.0817,2
KG,1,2,0.1215,0.0871,2
KG,1,2,0.1339,0.1037,2
KG,1,2,0.1321,0.0877,2
KG,1,2,0.1262,0.0954,2
KG,1,2,0.1179,0.0711,2
KG,1,2,0.1297,0.1078,2
KG,1,2,0.1203,0.0888,2
KG,1,2,0.1315,0.0954,2
KG,1,2,0.1191,0.0936,2
KG,1,2,0.1143,0.0734,2
KG,1,2,0.1268,0.0966,2
KG,1,2,0.1155,0.0835,2
KG,1,2,0.1096,0.0853,2
KG,1,2,0.1179,0.0847,2
KG,1,2,0.1214,0.0883,2
KG,1,2,0.1262,0.0711,2
KG,1,2,0.1137,0.066,2
KG,1,2,0.1191,0.0717,2
KG,1,2,0.1013,0.0675,2
KG,1,2,0.096,0.0681,2
KG,1,2,0.1137,0.0877,2
KG,1,2,0.1007,0.0734,2
KG,1,2,0.1114,0.0877,2
KG,1,2,0.0983,0.0717,2
KG,1,2,0.1463,0.1226,2
KG,1,2,0.1463,0.1226,2
KG,1,3,0.1589,0.1148,2
KG,1,3,0.1825,0.1,2
KG,1,3,0.1668,0.1089,2
KG,1,3,0.152,0.1167,2
KG,1,3,0.156,0.1128,2
KG,1,3,0.1334,0.0657,2
KG,1,3,0.1864,0.155,2
KG,1,3,0.1373,0.1059,2
KG,1,3,0.1462,0.1177,2
KG,1,3,0.1383,0.104,2
KG,1,3,0.155,0.1206,2
KG,1,3,0.1344,0.0951,2
KG,1,3,0.1481,0.1069,2
KG,1,3,0.1324,0.099,2
KG,1,3,0.153,0.1177,2
KG,1,3,0.1334,0.103,2
KG,1,3,0.1275,0.0892,2
KG,1,3,0.1766,0.1373,2
BM,1,1,0.294,0.262,2
BM,1,1,0.239,0.252,2
BM,1,1,0.297,0.245,2
BM,1,1,0.294,0.278,2
BM,1,1,0.288,0.246,2
BM,1,1,0.259,0.24,2
BM,1,1,0.305,0.271,2
BM,1,1,0.341,0.323,2
BM,1,1,0.366,0.336,2
BM,1,1,0.318,0.303,2
BM,1,1,0.351,0.334,2
BM,1,1,0.332,0.315,2
BM,1,2,0.163,0.125,2
BM,1,2,0.149,0.131,2
BM,1,2,0.154,0.136,2
BM,1,2,0.168,0.144,2
BM,1,2,0.152,0.133,2
BM,1,2,0.148,0.123,2
BM,1,2,0.122,0.106,2
BM,1,2,0.152,0.127,2
BM,1,2,0.152,0.124,2
BM,1,2,0.137,0.117,2
BM,1,2,0.121,0.097,2
BM,1,2,0.142,0.122,2
BM,1,2,0.136,0.112,2
BM,1,3,0.183,0.152,2
BM,1,3,0.182,0.164,2
BM,1,3,0.187,0.166,2
BM,1,3,0.183,0.155,2
BM,1,3,0.166,0.143,2
BM,1,3,0.171,0.148,2
BM,1,3,0.187,0.161,2
BM,1,3,0.171,0.152,2
BM,1,3,0.2,0.166,2
GR,1,1,0.321,0.287,2
GR,1,1,0.372,0.319,2
GR,1,1,0.377,0.315,2
GR,1,1,0.339,0.293,2
GR,1,1,0.336,0.277,2
GR,1,1,0.315,0.268,2
GR,1,1,0.291,0.232,2
GR,1,1,0.333,0.28,2
GR,1,2,0.346,0.272,2
GR,1,2,0.365,0.291,2
GR,1,2,0.364,0.278,2
GR,1,2,0.331,0.271,2
GR,1,2,0.354,0.275,2
GR,1,2,0.348,0.262,2
GR,1,2,0.341,0.263,2
GR,1,2,0.347,0.277,2
GR,1,3,0.38,0.303,2
GR,1,3,0.37,0.301,2
GR,1,3,0.354,0.275,2
GR,1,3,0.381,0.307,2
GR,1,3,0.359,0.283,2
GR,1,3,0.302,0.221,2
GR,1,3,0.416,0.329,2
RJ,1,1,0.415,0.336,2
RJ,1,1,0.287,0.242,2
RJ,1,1,0.284,0.213,2
RJ,1,1,0.337,0.283,2
RJ,1,1,0.293,0.238,2
RJ,1,1,0.309,0.259,2
RJ,1,1,0.357,0.321,2
RJ,1,1,0.241,0.192,2
RJ,1,1,0.251,0.206,2
RJ,1,1,0.308,0.25,2
RJ,1,1,0.245,0.213,2
RJ,1,2,0.154,0.113,2
RJ,1,2,0.15,0.112,2
RJ,1,2,0.143,0.109,2
RJ,1,2,0.15,0.122,2
RJ,1,2,0.142,0.088,2
RJ,1,2,0.143,0.099,2
RJ,1,2,0.158,0.128,2
RJ,1,2,0.15,0.119,2
RJ,1,2,0.155,0.103,2
RJ,1,2,0.151,0.107,2
RJ,1,2,0.16,0.122,2
RJ,1,2,0.173,0.128,2
RJ,1,2,0.155,0.11,2
RJ,1,2,0.153,0.123,2
RJ,1,2,0.166,0.128,2
RJ,1,3,0.367,0.312,2
RJ,1,3,0.385,0.332,2
RJ,1,3,0.361,0.304,2
RJ,1,3,0.374,0.318,2
RJ,1,3,0.333,0.281,2
RJ,1,3,0.325,0.264,2
RJ,1,3,0.386,0.315,2
RJ,1,3,0.359,0.297,2
RJ,1,3,0.396,0.324,2
RJ,1,3,0.377,0.32,2
RJ,1,3,0.425,0.376,2
RJ,1,3,0.384,0.338,2
DD,1,1,0.291,0.205,2
DD,1,1,0.305,0.234,2
DD,1,1,0.304,0.235,2
DD,1,1,0.328,0.256,2
DD,1,1,0.291,0.221,2
DD,1,1,0.301,0.223,2
DD,1,1,0.289,0.222,2
DD,1,1,0.292,0.236,2
DD,1,1,0.266,0.195,2
DD,1,1,0.27,0.211,2
DD,1,1,0.28,0.205,2
DD,1,1,0.277,0.201,2
DD,1,1,0.258,0.192,2
DD,1,1,0.278,0.194,2
DD,1,1,0.267,0.204,2
DD,1,2,0.229,0.16,2
DD,1,2,0.237,0.182,2
DD,1,2,0.229,0.186,2
DD,1,2,0.245,0.201,2
DD,1,2,0.218,0.169,2
DD,1,2,0.232,0.195,2
DD,1,2,0.269,0.178,2
DD,1,2,0.251,0.194,2
DD,1,2,0.258,0.174,2
DD,1,2,0.256,0.193,2
DD,1,2,0.24,0.181,2
DD,1,2,0.261,0.185,2
DD,1,2,0.256,0.196,2
DD,1,2,0.25,0.194,2
DD,1,2,0.232,0.17,2
DD,1,2,0.214,0.185,2
DD,1,3,0.219,0.15,2
DD,1,3,0.259,0.192,2
DD,1,3,0.237,0.198,2
DD,1,3,0.26,0.172,2
DD,1,3,0.228,0.174,2
DD,1,3,0.261,0.187,2
DD,1,3,0.261,0.226,2
DD,1,3,0.22,0.172,2
DD,1,3,0.233,0.192,2
DD,1,3,0.262,0.219,2
DD,1,3,0.224,0.174,2
AB,1,3,0.5765,0.426,1
AB,1,3,0.5349,0.3581,1
AB,1,3,0.5046,0.3695,1
AB,1,3,0.4776,0.3524,1
AB,1,3,0.5036,0.3567,1
AB,1,3,0.4646,0.3272,1
AB,1,3,0.4774,0.3558,1
AB,1,3,0.4811,0.3588,1
AB,1,3,0.433,0.3259,1
AB,1,3,0.4651,0.3448,1
AB,1,3,0.4882,0.3526,1
AB,1,3,0.4554,0.3247,1
AB,1,3,0.4768,0.3568,1
AB,1,3,0.4817,0.3423,1
AB,1,2,0.06638,0.4886,1
AB,1,2,0.6574,0.5008,1
AB,1,2,0.615,0.4762,1
AB,1,2,0.5451,0.42,1
AB,1,2,0.5601,0.4422,1
AB,1,2,0.5221,0.3979,1
AB,1,2,0.5352,0.4197,1
AB,1,2,0.533,0.4343,1
AB,1,2,0.5074,0.4122,1
AB,1,2,0.5657,0.4274,1
AB,1,2,0.5377,0.4311,1
AB,1,1,0.6519,0.5137,1
AB,1,1,0.6461,0.4847,1
AB,1,1,0.581,0.4122,1
AB,1,1,0.5246,0.3957,1
AB,1,1,0.5265,0.3964,1
AB,1,1,0.4952,0.3786,1
AB,1,1,0.5417,0.4196,1
AB,1,1,0.4848,0.3593,1
AB,1,1,0.4835,0.3668,1
AB,1,1,0.4512,0.3453,1
GC,1,1,0.2936,0.2189,1
GC,1,1,0.3048,0.2322,1
GC,1,1,0.3707,0.2791,1
GC,1,1,0.4001,0.2997,1
GC,1,1,0.3501,0.2483,1
GC,1,1,0.3696,0.2765,1
GC,1,1,0.3429,0.2509,1
GC,1,1,0.3596,0.2747,1
GC,1,1,0.3734,0.2884,1
GC,1,1,0.3656,0.2851,1
GC,1,1,0.3754,0.3004,1
GC,1,1,0.3765,0.2928,1
GC,1,2,0.3891,0.2942,1
GC,1,2,0.4474,0.344,1
GC,1,2,0.4575,0.3435,1
GC,1,2,0.4583,0.3476,1
GC,1,2,0.4674,0.3646,1
GC,1,2,0.4653,0.3616,1
GC,1,2,0.4606,0.3599,1
GC,1,2,0.4472,0.3572,1
GC,1,2,0.4323,0.3535,1
GC,1,2,0.3859,0.2915,1
GC,1,3,0.4135,0.3246,1
GC,1,3,0.4073,0.3297,1
GC,1,3,0.4449,0.3499,1
GC,1,3,0.4035,0.3066,1
GC,1,3,0.4466,0.3424,1
GC,1,3,0.4368,0.3641,1
GC,1,3,0.4759,0.3887,1
GC,1,3,0.492,0.3889,1
GC,1,3,0.4915,0.3998,1
GC,1,3,0.5035,0.391,1
GC,1,3,0.4819,0.3811,1
GC,1,3,0.4131,0.3377,1
GC,1,3,0.3177,0.2195,1
LD,1,1,0.496,0.331,1
LD,1,1,0.4809,0.3313,1
LD,1,1,0.3939,0.3114,1
LD,1,1,0.374,0.3017,1
LD,1,1,0.4254,0.3333,1
LD,1,1,0.4475,0.3417,1
LD,1,1,0.4423,0.3161,1
LD,1,1,0.41,0.2861,1
LD,1,2,0.4741,0.3353,1
LD,1,2,0.4606,0.347,1
LD,1,2,0.4521,0.3675,1
LD,1,2,0.5424,0.4231,1
LD,1,2,0.5203,0.4067,1
LD,1,2,0.5068,0.3962,1
LD,1,2,0.5102,0.3947,1
LD,1,2,0.4402,0.3338,1
LD,1,3,0.4817,0.3758,1
LD,1,3,0.4562,0.3623,1
LD,1,3,0.5073,0.384,1
LD,1,3,0.4577,0.3579,1
LD,1,3,0.4438,0.36,1
LD,1,3,0.4922,0.3935,1
LD,1,3,0.4649,0.359,1
LD,1,3,0.4035,0.3166,1
KL,1,1,0.425,0.33,1
KL,1,1,0.457,0.354,1
KL,1,1,0.438,0.299,1
KL,1,1,0.473,0.339,1
KL,1,1,0.513,0.342,1
KL,1,1,0.535,0.379,1
KL,1,1,0.467,0.319,1
KL,1,1,0.545,0.404,1
KL,1,1,0.494,0.365,1
KL,1,1,0.567,0.424,1
KL,1,1,0.505,0.378,1
KL,1,1,0.541,0.41,1
KL,1,1,0.513,0.365,1
KL,1,1,0.47,0.369,1
KL,1,1,0.527,0.397,1
KL,1,2,0.406,0.305,1
KL,1,2,0.451,0.317,1
KL,1,2,0.469,0.348,1
KL,1,2,0.438,0.321,1
KL,1,2,0.451,0.311,1
KL,1,2,0.43,0.292,1
KL,1,2,0.429,0.31,1
KL,1,2,0.405,0.277,1
KL,1,2,0.554,0.422,1
KL,1,2,0.451,0.33,1
KL,1,2,0.415,0.291,1
KL,1,3,0.368,0.274,1
KL,1,3,0.424,0.306,1
KL,1,3,0.434,0.308,1
KL,1,3,0.406,0.286,1
KL,1,3,0.425,0.302,1
KL,1,3,0.407,0.281,1
KL,1,3,0.538,0.315,1
KL,1,3,0.429,0.291,1
KL,1,3,0.441,0.317,1
KL,1,3,0.398,0.291,1
KL,1,3,0.444,0.321,1
AD,1,1,0.395,0.328,1
AD,1,1,0.447,0.394,1
AD,1,1,0.443,0.378,1
AD,1,1,0.414,0.359,1
AD,1,1,0.403,0.342,1
AD,1,1,0.399,0.339,1
AD,1,1,0.388,0.317,1
AD,1,1,0.382,0.33,1
AD,1,1,0.372,0.306,1
AD,1,1,0.385,0.336,1
AD,1,1,0.362,0.298,1
AD,1,1,0.403,0.343,1
AD,1,2,0.409,0.372,1
AD,1,2,0.45,0.398,1
AD,1,2,0.47,0.403,1
AD,1,2,0.443,0.389,1
AD,1,2,0.423,0.371,1
AD,1,2,0.425,0.372,1
AD,1,2,0.408,0.359,1
AD,1,2,0.388,0.345,1
AD,1,2,0.391,0.343,1
AD,1,2,0.411,0.363,1
AD,1,2,0.378,0.33,1
AD,1,3,0.495,0.444,1
AD,1,3,0.546,0.482,1
AD,1,3,0.523,0.447,1
AD,1,3,0.499,0.446,1
AD,1,3,0.529,0.465,1
AD,1,3,0.502,0.43,1
AD,1,3,0.486,0.439,1
AD,1,3,0.477,0.41,1
AD,1,3,0.449,0.394,1
AD,1,3,0.446,0.388,1
AD,1,3,0.465,0.428,1
CN,1,1,0.358,0.285,1
CN,1,1,0.36,0.284,1
CN,1,1,0.384,0.306,1
CN,1,1,0.343,0.285,1
CN,1,1,0.377,0.292,1
CN,1,1,0.361,0.295,1
CN,1,1,0.351,0.28,1
CN,1,1,0.37,0.299,1
CN,1,1,0.391,0.317,1
CN,1,1,0.362,0.271,1
CN,1,2,0.2729,0.1918,1
CN,1,2,0.2673,0.227,1
CN,1,2,0.2856,0.2031,1
CN,1,2,0.292,0.2207,1
CN,1,2,0.2925,0.2093,1
CN,1,2,0.314,0.223,1
CN,1,2,0.3011,0.2185,1
CN,1,2,0.3034,0.2298,1
CN,1,2,0.2943,0.2151,1
CN,1,2,0.2929,0.2067,1
CN,1,2,0.2956,0.2106,1
CN,1,2,0.2878,0.21,1
CN,1,3,0.404,0.283,1
CN,1,3,0.356,0.263,1
CN,1,3,0.373,0.298,1
CN,1,3,0.39,0.298,1
CN,1,3,0.384,0.295,1
CN,1,3,0.378,0.29,1
CN,1,3,0.384,0.298,1
CN,1,3,0.368,0.288,1
CN,1,3,0.396,0.288,1
JG,1,3,0.275,0.219,1
JG,1,3,0.256,0.203,1
JG,1,3,0.259,0.208,1
JG,1,3,0.273,0.221,1
JG,1,3,0.276,0.201,1
JG,1,3,0.273,0.234,1
JG,1,3,0.278,0.23,1
JG,1,3,0.279,0.234,1
JG,1,1,0.261,0.224,1
JG,1,1,0.262,0.231,1
JG,1,1,0.278,0.238,1
JG,1,1,0.264,0.215,1
JG,1,1,0.245,0.191,1
JG,1,1,0.31,0.203,1
JG,1,1,0.246,0.202,1
JG,1,1,0.234,0.197,1
JG,1,2,0.245,0.197,1
JG,1,2,0.267,0.202,1
JG,1,2,0.256,0.219,1
JG,1,2,0.263,0.214,1
JG,1,2,0.219,0.202,1
JG,1,2,0.268,0.216,1
JG,1,2,0.268,0.222,1
JG,1,2,0.23,0.204,1
KG,1,1,0.16,0.116,1
KG,1,1,0.228,0.166,1
KG,1,1,0.1804,0.1575,1
KG,1,1,0.1918,0.1564,1
KG,1,1,0.1912,0.1725,1
KG,1,1,0.2027,0.1819,1
KG,1,1,0.187,0.1683,1
KG,1,1,0.2134,0.1851,1
KG,1,1,0.2071,0.1768,1
KG,1,1,0.1971,0.1771,1
KG,1,1,0.2258,0.1961,1
KG,1,1,0.1893,0.163,1
KG,1,1,0.1924,0.1693,1
KG,1,1,0.19,0.1682,1
KG,1,1,0.2004,0.1779,1
KG,1,1,0.254,0.2312,1
KG,1,2,0.2062,0.1576,1
KG,1,2,0.2394,0.1825,1
KG,1,2,0.2595,0.1588,1
KG,1,2,0.2311,0.1825,1
KG,1,2,0.2406,0.1777,1
KG,1,2,0.2346,0.1505,1
KG,1,2,0.218,0.1766,1
KG,1,2,0.2287,0.1718,1
KG,1,2,0.2275,0.16,1
KG,1,2,0.2263,0.1552,1
KG,1,2,0.224,0.1671,1
KG,1,2,0.2204,0.1582,1
KG,1,2,0.2205,0.1789,1
KG,1,2,0.2074,0.154,1
KG,1,2,0.2044,0.1594,1
KG,1,2,0.2068,0.1635,1
KG,1,3,0.1766,0.1471,1
KG,1,3,0.2197,0.1785,1
KG,1,3,0.1874,0.154,1
KG,1,3,0.2021,0.167,1
KG,1,3,0.1912,0.1579,1
KG,1,3,0.2139,0.1726,1
KG,1,3,0.1952,0.1491,1
KG,1,3,0.2031,0.1569,1
KG,1,3,0.1893,0.1481,1
KG,1,3,0.205,0.1648,1
KG,1,3,0.207,0.1403,1
KG,1,3,0.1766,0.1286,1
KG,1,3,0.1648,0.1275,1
BM,1,1,0.484,0.39,1
BM,1,1,0.479,0.425,1
BM,1,1,0.458,0.442,1
BM,1,1,0.405,0.364,1
BM,1,1,0.464,0.39,1
BM,1,1,0.454,0.397,1
BM,1,1,0.475,0.051,1
BM,1,1,0.455,0.414,1
BM,1,1,0.421,0.386,1
BM,1,1,0.43,0.392,1
BM,1,1,0.434,0.403,1
BM,1,1,0.412,0.36,1
BM,1,2,0.427,0.373,1
BM,1,2,0.472,0.425,1
BM,1,2,0.504,0.454,1
BM,1,2,0.504,0.454,1
BM,1,2,0.497,0.449,1
BM,1,2,0.473,0.428,1
BM,1,2,0.442,0.4,1
BM,1,3,0.433,0.387,1
BM,1,3,0.467,0.418,1
BM,1,3,0.43,0.391,1
BM,1,3,0.472,0.413,1
BM,1,3,0.461,0.41,1
BM,1,3,0.451,0.402,1
BM,1,3,0.491,0.443,1
BM,1,3,0.5,0.461,1
GR,1,1,0.349,0.309,1
GR,1,1,0.365,0.327,1
GR,1,1,0.348,0.3,1
GR,1,1,0.356,0.29,1
GR,1,1,0.33,0.286,1
GR,1,1,0.33,0.275,1
GR,1,2,0.426,0.364,1
GR,1,2,0.355,0.302,1
GR,1,2,0.387,0.325,1
GR,1,2,0.371,0.324,1
GR,1,2,0.39,0.333,1
GR,1,2,0.404,0.323,1
GR,1,3,0.418,0.365,1
GR,1,3,0.428,0.365,1
GR,1,3,0.379,0.316,1
GR,1,3,0.388,0.309,1
GR,1,3,0.421,0.343,1
GR,1,3,0.401,0.326,1
RJ,1,1,0.445,0.376,1
RJ,1,1,0.49,0.413,1
RJ,1,1,0.538,0.442,1
RJ,1,1,0.516,0.447,1
RJ,1,1,0.56,0.49,1
RJ,1,1,0.389,0.316,1
RJ,1,2,0.359,0.304,1
RJ,1,2,0.459,0.375,1
RJ,1,2,0.479,0.415,1
RJ,1,2,0.368,0.311,1
RJ,1,2,0.358,0.281,1
RJ,1,2,0.313,0.25,1
RJ,1,2,0.422,0.345,1
RJ,1,2,0.284,0.229,1
RJ,1,3,0.44,0.403,1
RJ,1,3,0.513,0.475,1
RJ,1,3,0.461,0.405,1
RJ,1,3,0.474,0.409,1
RJ,1,3,0.465,0.376,1
RJ,1,3,0.408,0.36,1
RJ,1,3,0.455,0.384,1
DD,1,1,0.329,0.243,1
DD,1,1,0.388,0.293,1
DD,1,1,0.376,0.29,1
DD,1,1,0.358,0.293,1
DD,1,1,0.356,0.279,1
DD,1,1,0.319,0.251,1
DD,1,1,0.304,0.227,1
DD,1,1,0.373,0.312,1
DD,1,1,0.34,0.273,1
DD,1,1,0.361,0.282,1
DD,1,1,0.397,0.31,1
DD,1,1,0.393,0.323,1
DD,1,2,0.251,0.203,1
DD,1,2,0.357,0.285,1
DD,1,2,0.347,0.293,1
DD,1,2,0.35,0.275,1
DD,1,2,0.32,0.235,1
DD,1,2,0.349,0.266,1
DD,1,2,0.327,0.245,1
DD,1,2,0.318,0.234,1
DD,1,2,0.36,0.291,1
DD,1,2,0.36,0.263,1
DD,1,2,0.316,0.232,1
DD,1,2,0.345,0.272,1
DD,1,2,0.3,0.221,1
DD,1,2,0.341,0.261,1
DD,1,2,0.274,0.214,1
DD,1,3,0.345,0.254,1
DD,1,3,0.311,0.254,1
DD,1,3,0.337,0.245,1
DD,1,3,0.331,0.267,1
DD,1,3,0.322,0.255,1
DD,1,3,0.287,0.213,1
DD,1,3,0.282,0.206,1
DD,1,3,0.37,0.298,1
DD,1,3,0.311,0.211,1
DD,1,3,0.352,0.283,1
DD,1,3,0.261,0.192,1
DD,1,3,0.333,0.268,1
DD,1,3,0.31,0.245,1
DD,1,3,0.274,0.211,1
DD,1,3,0.305,0.245,1
DD,1,3,0.234,0.17,1
DD,1,3,0.271,0.225,1
DD,1,3,0.351,0.264,1
AB,1,3,0.1303,0.0852,4
AB,1,3,0.1122,0.0805,4
AB,1,3,0.1318,0.1048,4
AB,1,3,0.1285,0.0838,4
AB,1,3,0.1437,0.0905,4
AB,1,3,0.1107,0.0777,4
AB,1,3,0.1151,0.0934,4
AB,1,3,0.0209,0.0074,4
AB,1,3,0.0429,0.0348,4
AB,1,3,0.1238,0.0734,4
AB,1,3,0.1174,0.0772,4
AB,1,3,0.1281,0.0914,4
AB,1,3,0.1272,0.0763,4
AB,1,3,0.125,0.0702,4
AB,1,3,0.1306,0.0901,4
AB,1,3,0.1561,0.1064,4
AB,1,3,0.1602,0.1101,4
AB,1,3,0.139,0.0859,4
AB,1,3,0.1731,0.1263,4
AB,1,3,0.1566,0.0977,4
AB,1,3,0.1412,0.0936,4
AB,1,3,0.1515,0.1037,4
AB,1,3,0.1369,0.0909,4
AB,1,3,0.1078,0.0774,4
AB,1,3,0.1446,0.0964,4
AB,1,2,0.1807,0.1447,4
AB,1,2,0.145,0.1057,4
AB,1,2,0.1862,0.1168,4
AB,1,2,0.1436,0.0866,4
AB,1,2,0.1362,0.092,4
AB,1,2,0.1989,0.0973,4
AB,1,2,0.1573,0.0926,4
AB,1,2,0.1813,0.1291,4
AB,1,2,0.1483,0.0847,4
AB,1,2,0.136,0.0735,4
AB,1,2,0.1542,0.1115,4
AB,1,2,0.1366,0.0994,4
AB,1,2,0.1752,0.1263,4
AB,1,2,0.1682,0.0728,4
AB,1,2,0.1457,0.118,4
AB,1,2,0.2141,0.0843,4
AB,1,2,0.1475,0.091,4
AB,1,2,0.1478,0.0927,4
AB,1,2,0.1671,0.1019,4
AB,1,2,0.1821,0.1577,4
AB,1,2,0.169,0.0906,4
AB,1,2,0.1974,0.1237,4
AB,1,2,0.1645,0.1173,4
AB,1,2,0.232,0.1118,4
AB,1,1,0.1727,0.105,4
AB,1,1,0.2082,0.117,4
AB,1,1,0.1563,0.1127,4
AB,1,1,0.1961,0.1718,4
AB,1,1,0.1859,0.1255,4
AB,1,1,0.0823,0.0394,4
AB,1,1,0.0907,0.0812,4
AB,1,1,0.121,0.0906,4
AB,1,1,0.1121,0.0829,4
AB,1,1,0.1458,0.1059,4
AB,1,1,0.1642,0.1188,4
AB,1,1,0.1727,0.1379,4
AB,1,1,0.1003,0.0789,4
AB,1,1,0.1144,0.0404,4
AB,1,1,0.1036,0.0753,4
AB,1,1,0.102,0.0815,4
AB,1,1,0.1151,0.0786,4
AB,1,1,0.096,0.0647,4
AB,1,1,0.1151,0.0814,4
AB,1,1,0.0979,0.0561,4
AB,1,1,0.0794,0.0459,4
AB,1,1,0.12,0.1005,4
AB,1,1,0.1559,0.1139,4
AB,1,1,0.1582,0.1035,4
AB,1,1,0.1489,0.0997,4
AB,1,1,0.1309,0.0871,4
AB,1,1,0.1198,0.0933,4
AB,1,1,0.1621,0.1263,4
GC,1,1,0.1345,0.0845,4
GC,1,1,0.1093,0.0758,4
GC,1,1,0.1225,0.0863,4
GC,1,1,0.093,0.0709,4
GC,1,1,0.1065,0.0915,4
GC,1,1,0.1111,0.0853,4
GC,1,1,0.1323,0.1098,4
GC,1,1,0.1254,0.1029,4
GC,1,1,0.1303,0.0909,4
GC,1,1,0.1714,0.101,4
GC,1,1,0.1193,0.0987,4
GC,1,1,0.1869,0.1083,4
GC,1,1,0.1557,0.1292,4
GC,1,1,0.1115,0.0561,4
GC,1,1,0.1108,0.0791,4
GC,1,1,0.1183,0.0897,4
GC,1,1,0.1471,0.0918,4
GC,1,1,0.1229,0.1096,4
GC,1,1,0.1697,0.1519,4
GC,1,1,0.1297,0.1167,4
GC,1,1,0.1175,0.1048,4
GC,1,1,0.2435,0.107,4
GC,1,1,0.1932,0.1709,4
GC,1,1,0.2563,0.1064,4
GC,1,1,0.0992,0.0858,4
GC,1,1,0.2197,0.1074,4
GC,1,1,0.1047,0.09,4
GC,1,1,0.1956,0.1726,4
GC,1,1,0.0687,0.0618,4
GC,1,1,0.1445,0.1193,4
GC,1,1,0.116,0.1042,4
GC,1,1,0.1309,0.1185,4
GC,1,1,0.1346,0.122,4
GC,1,1,0.1296,0.1172,4
GC,1,1,0.1431,0.0967,4
GC,1,1,0.1202,0.1095,4
GC,1,1,0.1249,0.1132,4
GC,1,1,0.1541,0.1052,4
GC,1,1,0.1457,0.1338,4
GC,1,1,0.1432,0.1327,4
GC,1,1,0.1579,0.1286,4
GC,1,1,0.1532,0.1122,4
GC,1,1,0.1551,0.1433,4
GC,1,1,0.1302,0.1197,4
GC,1,1,0.1842,0.1512,4
GC,1,1,0.1598,0.1041,4
GC,1,1,0.1537,0.1452,4
GC,1,1,0.1511,0.137,4
GC,1,1,0.1582,0.149,4
GC,1,1,0.159,0.1464,4
GC,1,2,0.1491,0.0997,4
GC,1,2,0.155,0.1287,4
GC,1,2,0.1596,0.1143,4
GC,1,2,0.1717,0.1318,4
GC,1,2,0.1432,0.1147,4
GC,1,2,0.1896,0.1572,4
GC,1,2,0.1696,0.1416,4
GC,1,2,0.1838,0.1289,4
GC,1,2,0.1898,0.1423,4
GC,1,2,0.2034,0.1189,4
GC,1,2,0.2077,0.1393,4
GC,1,2,0.1739,0.1245,4
GC,1,2,0.1845,0.124,4
GC,1,2,0.1834,0.1091,4
GC,1,2,0.1989,0.1081,4
GC,1,2,0.2135,0.1257,4
GC,1,2,0.1909,0.1227,4
GC,1,2,0.1714,0.1175,4
GC,1,2,0.1998,0.1256,4
GC,1,2,0.1896,0.1331,4
GC,1,2,0.2053,0.1237,4
GC,1,2,0.1858,0.1239,4
GC,1,2,0.213,0.1362,4
GC,1,2,0.2711,0.1658,4
GC,1,2,0.2132,0.1558,4
GC,1,2,0.1911,0.1441,4
GC,1,2,0.2389,0.1385,4
GC,1,2,0.2228,0.1382,4
GC,1,2,0.2046,0.1679,4
GC,1,2,0.2143,0.1403,4
GC,1,2,0.2111,0.1306,4
GC,1,2,0.1919,0.1552,4
GC,1,2,0.2157,0.1525,4
GC,1,2,0.228,0.1573,4
GC,1,2,0.1958,0.1452,4
GC,1,2,0.2084,0.1672,4
GC,1,2,0.1858,0.1102,4
GC,1,2,0.1873,0.1512,4
GC,1,2,0.2224,0.1485,4
GC,1,2,0.2099,0.1368,4
GC,1,2,0.2098,0.1509,4
GC,1,2,0.2006,0.1338,4
GC,1,2,0.1976,0.1573,4
GC,1,2,0.1989,0.1474,4
GC,1,2,0.1911,0.1586,4
GC,1,2,0.1864,0.1456,4
GC,1,2,0.1991,0.1448,4
GC,1,2,0.189,0.1581,4
GC,1,2,0.1607,0.1475,4
GC,1,2,0.2164,0.1602,4
GC,1,2,0.1803,0.1645,4
GC,1,2,0.2209,0.1563,4
GC,1,3,0.1724,0.0988,4
GC,1,3,0.1439,0.1098,4
GC,1,3,0.1288,0.0985,4
GC,1,3,0.1582,0.1237,4
GC,1,3,0.1694,0.124,4
GC,1,3,0.1761,0.135,4
GC,1,3,0.1513,0.1288,4
GC,1,3,0.1546,0.1069,4
GC,1,3,0.1907,0.1535,4
GC,1,3,0.1564,0.0991,4
GC,1,3,0.1358,0.1025,4
GC,1,3,0.129,0.106,4
GC,1,3,0.1944,0.0871,4
GC,1,3,0.1295,0.1022,4
GC,1,3,0.1394,0.0816,4
GC,1,3,0.1375,0.1036,4
GC,1,3,0.131,0.0887,4
GC,1,3,0.1161,0.0815,4
GC,1,3,0.1422,0.0909,4
GC,1,3,0.1431,0.0907,4
GC,1,3,0.1431,0.0893,4
GC,1,3,0.2015,0.1142,4
GC,1,3,0.1197,0.0832,4
GC,1,3,0.1446,0.113,4
GC,1,3,0.1195,0.0958,4
GC,1,3,0.1319,0.085,4
GC,1,3,0.111,0.062,4
GC,1,3,0.1145,0.0945,4
GC,1,3,0.1346,0.0795,4
GC,1,3,0.1657,0.1101,4
GC,1,3,0.1303,0.0884,4
GC,1,3,0.1295,0.0908,4
GC,1,3,0.1795,0.0903,4
GC,1,3,0.1501,0.0832,4
GC,1,3,0.1323,0.0948,4
GC,1,3,0.1345,0.0768,4
GC,1,3,0.1937,0.1073,4
GC,1,3,0.1162,0.1053,4
GC,1,3,0.1682,0.1066,4
GC,1,3,0.1213,0.0889,4
GC,1,3,0.1608,0.0811,4
GC,1,3,0.1456,0.0995,4
GC,1,3,0.1764,0.1125,4
GC,1,3,0.1497,0.1232,4
GC,1,3,0.1875,0.117,4
GC,1,3,0.1612,0.1097,4
GC,1,3,0.1879,0.1294,4
GC,1,3,0.1805,0.1293,4
GC,1,3,0.134,0.1155,4
GC,1,3,0.1466,0.134,4
GC,1,3,0.125,0.1168,4
GC,1,3,0.1321,0.113,4
GC,1,3,0.186,0.152,4
GC,1,3,0.1532,0.1299,4
GC,1,3,0.2026,0.1759,4
GC,1,3,0.1819,0.1484,4
GC,1,3,0.1913,0.1684,4
GC,1,3,0.1789,0.1592,4
GC,1,3,0.1797,0.1666,4
GC,1,3,0.1947,0.177,4
LD,1,1,0.0779,0.0414,4
LD,1,1,0.0809,0.0558,4
LD,1,1,0.0934,0.0793,4
LD,1,1,0.0673,0.052,4
LD,1,1,0.0578,0.0437,4
LD,1,1,0.0597,0.0469,4
LD,1,1,0.0773,0.0612,4
LD,1,1,0.0635,0.0392,4
LD,1,1,0.0919,0.0725,4
LD,1,1,0.0822,0.0581,4
LD,1,1,0.0736,0.0533,4
LD,1,1,0.0663,0.049,4
LD,1,1,0.0795,0.0553,4
LD,1,1,0.0639,0.0478,4
LD,1,1,0.0832,0.0658,4
LD,1,1,0.067,0.0485,4
LD,1,1,0.0745,0.0578,4
LD,1,1,0.0604,0.0537,4
LD,1,1,0.0732,0.0577,4
LD,1,1,0.0622,0.048,4
LD,1,1,0.0797,0.0612,4
LD,1,1,0.0624,0.0448,4
LD,1,1,0.086,0.0618,4
LD,1,1,0.0662,0.0498,4
LD,1,1,0.0669,0.0488,4
LD,1,1,0.0657,0.0498,4
LD,1,1,0.0689,0.0516,4
LD,1,1,0.0649,0.0475,4
LD,1,1,0.0658,0.0431,4
LD,1,1,0.0576,0.0392,4
LD,1,1,0.0729,0.0562,4
LD,1,1,0.0724,0.0538,4
LD,1,1,0.0753,0.0524,4
LD,1,1,0.0662,0.049,4
LD,1,1,0.0725,0.0522,4
LD,1,1,0.0817,0.0569,4
LD,1,1,0.0718,0.0537,4
LD,1,1,0.0689,0.0525,4
LD,1,1,0.1144,0.0837,4
LD,1,2,0.1095,0.062,4
LD,1,2,0.0749,0.0517,4
LD,1,2,0.0964,0.0762,4
LD,1,2,0.0889,0.0667,4
LD,1,2,0.1003,0.0709,4
LD,1,2,0.1028,0.0634,4
LD,1,2,0.0913,0.0744,4
LD,1,2,0.0856,0.0633,4
LD,1,2,0.1348,0.0986,4
LD,1,2,0.1061,0.0774,4
LD,1,2,0.0877,0.0648,4
LD,1,2,0.0907,0.0636,4
LD,1,2,0.1261,0.0916,4
LD,1,2,0.1029,0.0804,4
LD,1,2,0.1086,0.0835,4
LD,1,2,0.0992,0.0723,4
LD,1,2,0.1119,0.067,4
LD,1,2,0.1131,0.0819,4
LD,1,2,0.1114,0.0742,4
LD,1,2,0.1066,0.0824,4
LD,1,2,0.1028,0.0808,4
LD,1,2,0.1357,0.0861,4
LD,1,2,0.106,0.072,4
LD,1,2,0.1088,0.0767,4
LD,1,2,0.106,0.0798,4
LD,1,2,0.1035,0.0661,4
LD,1,2,0.1207,0.094,4
LD,1,2,0.1224,0.0841,4
LD,1,2,0.1097,0.0833,4
LD,1,2,0.1113,0.0677,4
LD,1,2,0.1117,0.0864,4
LD,1,2,0.0862,0.0551,4
LD,1,2,0.1058,0.079,4
LD,1,2,0.1266,0.0914,4
LD,1,2,0.0929,0.0659,4
LD,1,2,0.1045,0.0814,4
LD,1,2,0.1025,0.0742,4
LD,1,2,0.0983,0.0669,4
LD,1,2,0.1725,0.1478,4
LD,1,3,0.0885,0.0524,4
LD,1,3,0.0604,0.0346,4
LD,1,3,0.1092,0.0847,4
LD,1,3,0.1049,0.0727,4
LD,1,3,0.0941,0.0635,4
LD,1,3,0.1058,0.071,4
LD,1,3,0.0966,0.0547,4
LD,1,3,0.1032,0.0767,4
LD,1,3,0.0991,0.0595,4
LD,1,3,0.0783,0.0571,4
LD,1,3,0.0997,0.0644,4
LD,1,3,0.1052,0.0679,4
LD,1,3,0.0873,0.0616,4
LD,1,3,0.0981,0.0762,4
LD,1,3,0.0883,0.0634,4
LD,1,3,0.0847,0.0569,4
LD,1,3,0.1052,0.0787,4
LD,1,3,0.0838,0.061,4
LD,1,3,0.0959,0.0698,4
LD,1,3,0.0975,0.0724,4
LD,1,3,0.081,0.0544,4
LD,1,3,0.099,0.0731,4
LD,1,3,0.0871,0.0587,4
LD,1,3,0.0957,0.0672,4
LD,1,3,0.095,0.0681,4
LD,1,3,0.0948,0.0661,4
LD,1,3,0.1067,0.0752,4
LD,1,3,0.1039,0.0675,4
LD,1,3,0.1048,0.0737,4
LD,1,3,0.0933,0.0593,4
LD,1,3,0.1645,0.1245,4
LD,1,3,0.1193,0.0659,4
LD,1,3,0.1444,0.1123,4
LD,1,3,0.145,0.0915,4
LD,1,3,0.1281,0.0931,4
LD,1,3,0.1254,0.0892,4
LD,1,3,0.1627,0.1229,4
KL,1,1,0.092,0.079,4
KL,1,1,0.07,0.065,4
KL,1,1,0.09,0.077,4
KL,1,1,0.089,0.077,4
KL,1,1,0.099,0.086,4
KL,1,1,0.086,0.069,4
KL,1,1,0.093,0.082,4
KL,1,1,0.098,0.087,4
KL,1,1,0.099,0.086,4
KL,1,1,0.093,0.08,4
KL,1,1,0.086,0.074,4
KL,1,1,0.0895,0.078,4
KL,1,1,0.107,0.096,4
KL,1,1,0.091,0.08,4
KL,1,1,0.094,0.082,4
KL,1,1,0.0872,0.075,4
KL,1,1,0.099,0.088,4
KL,1,1,0.101,0.079,4
KL,1,2,0.163,0.08,4
KL,1,2,0.12,0.096,4
KL,1,2,0.114,0.094,4
KL,1,2,0.12,0.102,4
KL,1,2,0.109,0.087,4
KL,1,2,0.148,0.124,4
KL,1,2,0.13,0.086,4
KL,1,2,0.153,0.078,4
KL,1,2,0.157,0.105,4
KL,1,2,0.142,0.115,4
KL,1,2,0.165,0.117,4
KL,1,2,0.187,0.09,4
KL,1,2,0.195,0.147,4
KL,1,2,0.2,0.15,4
KL,1,2,0.155,0.131,4
KL,1,2,0.172,0.129,4
KL,1,2,0.163,0.106,4
KL,1,2,0.168,0.135,4
KL,1,2,0.188,0.096,4
KL,1,2,0.175,0.134,4
KL,1,2,0.157,0.138,4
KL,1,2,0.201,0.124,4
KL,1,2,0.098,0.067,4
KL,1,2,0.091,0.063,4
KL,1,2,0.118,0.07,4
KL,1,2,0.099,0.078,4
KL,1,2,0.084,0.064,4
KL,1,2,0.084,0.048,4
KL,1,3,0.181,0.096,4
KL,1,3,0.149,0.108,4
KL,1,3,0.151,0.101,4
KL,1,3,0.146,0.108,4
KL,1,3,0.151,0.108,4
KL,1,3,0.166,0.112,4
KL,1,3,0.138,0.111,4
KL,1,3,0.143,0.11,4
KL,1,3,0.162,0.078,4
KL,1,3,0.126,0.104,4
KL,1,3,0.115,0.066,4
KL,1,3,0.115,0.083,4
KL,1,3,0.128,0.066,4
KL,1,3,0.135,0.098,4
KL,1,3,0.131,0.084,4
KL,1,3,0.119,0.09,4
KL,1,3,0.108,0.072,4
KL,1,3,0.108,0.082,4
KL,1,3,0.115,0.088,4
KL,1,3,0.142,0.105,4
AD,1,1,0.106,0.09,4
AD,1,1,0.105,0.094,4
AD,1,1,0.118,0.107,4
AD,1,1,0.103,0.094,4
AD,1,1,0.126,0.11,4
AD,1,1,0.113,0.098,4
AD,1,1,0.117,0.103,4
AD,1,1,0.108,0.096,4
AD,1,1,0.116,0.106,4
AD,1,1,0.117,0.099,4
AD,1,1,0.125,0.109,4
AD,1,1,0.106,0.092,4
AD,1,1,0.103,0.095,4
AD,1,1,0.101,0.091,4
AD,1,1,0.122,0.103,4
AD,1,1,0.135,0.108,4
AD,1,1,0.12,0.1,4
AD,1,2,0.099,0.087,4
AD,1,2,0.145,0.131,4
AD,1,2,0.117,0.105,4
AD,1,2,0.123,0.106,4
AD,1,2,0.112,0.1,4
AD,1,2,0.121,0.108,4
AD,1,2,0.127,0.115,4
AD,1,2,0.115,0.098,4
AD,1,2,0.109,0.097,4
AD,1,2,0.128,0.117,4
AD,1,2,0.117,0.105,4
AD,1,2,0.145,0.127,4
AD,1,2,0.131,0.121,4
AD,1,2,0.147,0.131,4
AD,1,2,0.125,0.111,4
AD,1,2,0.132,0.117,4
AD,1,2,0.114,0.1,4
AD,1,2,0.129,0.114,4
CN,1,1,0.1305,0.0866,4
CN,1,1,0.1191,0.0935,4
CN,1,1,0.141,0.0983,4
CN,1,1,0.1176,0.0826,4
CN,1,1,0.1384,0.0849,4
CN,1,1,0.1247,0.0917,4
CN,1,1,0.1275,0.0862,4
CN,1,1,0.1276,0.0955,4
CN,1,1,0.2159,0.1585,4
CN,1,1,0.0751,0.0558,4
CN,1,1,0.07,0.049,4
CN,1,1,0.0649,0.0444,4
CN,1,1,0.0889,0.0762,4
CN,1,1,0.0746,0.056,4
CN,1,1,0.085,0.0609,4
CN,1,1,0.881,0.0603,4
CN,1,1,0.0721,0.0586,4
CN,1,1,0.085,0.0591,4
CN,1,1,0.0971,0.0689,4
CN,1,1,0.1044,0.0901,4
CN,1,1,0.0914,0.073,4
CN,1,1,0.0801,0.0614,4
CN,1,1,0.0832,0.0689,4
CN,1,1,0.081,0.0688,4
CN,1,1,0.0886,0.0763,4
CN,1,1,0.0907,0.0703,4
CN,1,1,0.0917,0.0699,4
CN,1,1,0.0896,0.0695,4
CN,1,1,0.0791,0.0577,4
CN,1,1,0.1055,0.0824,4
CN,1,1,0.1039,0.0798,4
CN,1,1,0.0801,0.073,4
CN,1,1,0.1077,0.0777,4
CN,1,1,0.0814,0.0702,4
CN,1,1,0.0672,0.0602,4
CN,1,1,0.0877,0.0498,4
CN,1,1,0.1005,0.0837,4
CN,1,1,0.0681,0.0568,4
CN,1,1,0.0606,0.0497,4
CN,1,1,0.082,0.0516,4
CN,1,1,0.0644,0.0514,4
CN,1,1,0.099,0.0698,4
CN,1,1,0.0514,0.0422,4
CN,1,1,0.0695,0.0437,4
CN,1,1,0.0711,0.0433,4
CN,1,1,0.0798,0.0487,4
CN,1,1,0.0602,0.0491,4
CN,1,1,0.0779,0.0518,4
CN,1,1,0.764,0.052,4
CN,1,1,0.0634,0.0372,4
CN,1,1,0.079,0.0513,4
CN,1,1,0.0697,0.0439,4
CN,1,1,0.0807,0.0491,4
CN,1,1,0.0658,0.0455,4
CN,1,1,0.0587,0.0432,4
CN,1,1,0.0647,0.0457,4
CN,1,1,0.0704,0.0437,4
CN,1,1,0.069,0.0417,4
CN,1,1,0.1426,0.1138,4
CN,1,2,0.0178,0.0139,4
CN,1,2,0.0738,0.0243,4
CN,1,2,0.0829,0.0466,4
CN,1,2,0.0827,0.0544,4
CN,1,2,0.0839,0.0566,4
CN,1,2,0.0882,0.0636,4
CN,1,2,0.0986,0.0573,4
CN,1,2,0.0947,0.0407,4
CN,1,2,0.0983,0.0506,4
CN,1,2,0.1093,0.0551,4
CN,1,2,0.098,0.0537,4
CN,1,2,0.1009,0.0543,4
CN,1,2,0.0914,0.0489,4
CN,1,2,0.0852,0.0525,4
CN,1,2,0.0947,0.056,4
CN,1,2,0.0837,0.0415,4
CN,1,2,0.0868,0.0405,4
CN,1,2,0.0909,0.0551,4
CN,1,2,0.0892,0.0482,4
CN,1,2,0.0905,0.0402,4
CN,1,3,0.088,0.036,4
CN,1,3,0.082,0.042,4
CN,1,3,0.087,0.048,4
CN,1,3,0.081,0.055,4
CN,1,3,0.087,0.06,4
CN,1,3,0.088,0.058,4
CN,1,3,0.105,0.055,4
CN,1,3,0.096,0.049,4
CN,1,3,0.092,0.057,4
CN,1,3,0.09,0.056,4
CN,1,3,0.087,0.054,4
CN,1,3,0.099,0.07,4
CN,1,3,0.105,0.07,4
CN,1,3,0.094,0.06,4
CN,1,3,0.076,0.055,4
CN,1,3,0.093,0.057,4
CN,1,3,0.068,0.044,4
CN,1,3,0.089,0.059,4
CN,1,3,0.078,0.05,4
CN,1,3,0.084,0.056,4
CN,1,3,0.114,0.084,4
JG,1,3,0.071,0.047,4
JG,1,3,0.081,0.064,4
JG,1,3,0.072,0.047,4
JG,1,3,0.078,0.063,4
JG,1,3,0.074,0.057,4
JG,1,3,0.078,0.063,4
JG,1,3,0.078,0.057,4
JG,1,3,0.066,0.043,4
JG,1,3,0.078,0.061,4
JG,1,3,0.087,0.067,4
JG,1,3,0.074,0.062,4
JG,1,1,0.084,0.071,4
JG,1,1,0.084,0.07,4
JG,1,1,0.094,0.078,4
JG,1,1,0.086,0.078,4
JG,1,1,0.095,0.071,4
JG,1,1,0.076,0.066,4
JG,1,1,0.096,0.073,4
JG,1,1,0.088,0.064,4
JG,1,1,0.089,0.074,4
JG,1,1,0.092,0.076,4
JG,1,2,0.091,0.078,4
JG,1,2,0.09,0.08,4
JG,1,2,0.099,0.085,4
JG,1,2,0.096,0.077,4
JG,1,2,0.087,0.077,4
JG,1,2,0.106,0.088,4
JG,1,2,0.103,0.094,4
JG,1,2,0.097,0.08,4
JG,1,2,0.095,0.079,4
JG,1,2,0.089,0.073,4
KG,1,1,0.0644,0.0528,4
KG,1,1,0.0773,0.058,4
KG,1,1,0.0684,0.0522,4
KG,1,1,0.0623,0.0538,4
KG,1,1,0.0598,0.0489,4
KG,1,1,0.0676,0.0527,4
KG,1,1,0.0534,0.0409,4
KG,1,1,0.0677,0.0567,4
KG,1,1,0.0596,0.0483,4
KG,1,1,0.0597,0.0488,4
KG,1,1,0.0586,0.0476,4
KG,1,1,0.0637,0.0521,4
KG,1,1,0.0747,0.0608,4
KG,1,1,0.0626,0.0509,4
KG,1,1,0.0614,0.0512,4
KG,1,1,0.0626,0.0522,4
KG,1,1,0.0524,0.0424,4
KG,1,1,0.0602,0.05,4
KG,1,1,0.0636,0.0545,4
KG,1,1,0.0678,0.0586,4
KG,1,1,0.0709,0.0604,4
KG,1,1,0.0604,0.051,4
KG,1,1,0.0622,0.0533,4
KG,1,1,0.0682,0.0587,4
KG,1,1,0.0609,0.0498,4
KG,1,1,0.0629,0.0537,4
KG,1,1,0.0575,0.0484,4
KG,1,1,0.0561,0.0471,4
KG,1,1,0.0641,0.0541,4
KG,1,1,0.757,0.0675,4
KG,1,1,0.0737,0.0485,4
KG,1,1,0.0566,0.0384,4
KG,1,1,0.0904,0.0638,4
KG,1,1,0.0791,0.0593,4
KG,1,1,0.0609,0.0368,4
KG,1,1,0.0582,0.0404,4
KG,1,1,0.0656,0.047,4
KG,1,2,0.0657,0.0468,4
KG,1,2,0.0746,0.0474,4
KG,1,2,0.0693,0.0497,4
KG,1,2,0.0669,0.0444,4
KG,1,2,0.0776,0.0551,4
KG,1,2,0.09,0.0723,4
KG,1,2,0.0764,0.0515,4
KG,1,2,0.0811,0.0586,4
KG,1,2,0.0645,0.0491,4
KG,1,2,0.0622,0.0539,4
KG,1,2,0.0788,0.0497,4
KG,1,2,0.0847,0.0485,4
KG,1,2,0.0651,0.0515,4
KG,1,2,0.0758,0.0527,4
KG,1,2,0.0693,0.0462,4
KG,1,2,0.0711,0.0474,4
KG,1,2,0.0705,0.045,4
KG,1,2,0.034,0.042,4
KG,1,2,0.0823,0.0426,4
KG,1,2,0.0841,0.0408,4
KG,1,2,0.0811,0.0515,4
KG,1,2,0.0616,0.042,4
KG,1,2,0.1048,0.0865,4
KG,1,3,0.0943,0.0792,4
KG,1,3,0.0993,0.054,4
KG,1,3,0.0951,0.0826,4
KG,1,3,0.0676,0.053,4
KG,1,3,0.0909,0.0617,4
KG,1,3,0.056,0.04,4
KG,1,3,0.0575,0.049,4
KG,1,3,0.111,0.0993,4
KG,1,3,0.0909,0.0626,4
KG,1,3,0.0776,0.056,4
KG,1,3,0.0103,0.0701,4
KG,1,3,0.1034,0.0584,4
KG,1,3,0.1068,0.0684,4
KG,1,3,0.0784,0.0701,4
KG,1,3,0.0826,0.0759,4
KG,1,3,0.053,0.04,4
BM,1,1,0.092,0.083,4
BM,1,1,0.074,0.061,4
BM,1,1,0.161,0.109,4
BM,1,1,0.125,0.108,4
BM,1,1,0.127,0.109,4
BM,1,1,0.138,0.119,4
BM,1,1,0.095,0.082,4
BM,1,1,0.114,0.097,4
BM,1,1,0.123,0.107,4
BM,1,1,0.111,0.094,4
BM,1,1,0.118,0.1,4
BM,1,1,0.087,0.07,4
BM,1,1,0.124,0.106,4
BM,1,1,0.119,0.102,4
BM,1,1,0.106,0.089,4
BM,1,1,0.13,0.117,4
BM,1,1,0.132,0.115,4
BM,1,1,0.124,0.105,4
BM,1,1,0.129,0.11,4
BM,1,1,0.108,0.095,4
BM,1,1,0.112,0.093,4
BM,1,1,0.122,0.105,4
BM,1,1,0.117,0.1,4
BM,1,1,0.135,0.117,4
BM,1,1,0.111,0.096,4
BM,1,2,0.074,0.054,4
BM,1,2,0.079,0.066,4
BM,1,2,0.079,0.07,4
BM,1,2,0.075,0.067,4
BM,1,2,0.084,0.072,4
BM,1,2,0.078,0.071,4
BM,1,2,0.084,0.073,4
BM,1,2,0.084,0.074,4
BM,1,2,0.078,0.066,4
BM,1,2,0.089,0.072,4
BM,1,3,0.106,0.083,4
BM,1,3,0.106,0.077,4
BM,1,3,0.105,0.061,4
BM,1,3,0.116,0.086,4
BM,1,3,0.126,0.082,4
BM,1,3,0.13,0.099,4
BM,1,3,0.12,0.087,4
BM,1,3,0.117,0.074,4
BM,1,3,0.117,0.082,4
BM,1,3,0.108,0.068,4
BM,1,3,0.12,0.083,4
BM,1,3,0.115,0.082,4
BM,1,3,0.127,0.0924,4
BM,1,3,0.1,0.066,4
BM,1,3,0.114,0.076,4
BM,1,3,0.115,0.084,4
BM,1,3,0.153,0.118,4
BM,1,3,0.114,0.087,4
GR,1,1,0.101,0.068,4
GR,1,1,0.082,0.065,4
GR,1,1,0.074,0.059,4
GR,1,1,0.086,0.071,4
GR,1,1,0.088,0.073,4
GR,1,1,0.081,0.067,4
GR,1,1,0.089,0.073,4
GR,1,1,0.101,0.083,4
GR,1,1,0.088,0.07,4
GR,1,1,0.096,0.081,4
GR,1,1,0.093,0.076,4
GR,1,1,0.089,0.074,4
GR,1,1,0.102,0.086,4
GR,1,1,0.102,0.084,4
GR,1,1,0.11,0.091,4
GR,1,1,0.109,0.094,4
GR,1,1,0.109,0.096,4
GR,1,1,0.112,0.097,4
GR,1,1,0.111,0.094,4
GR,1,1,0.103,0.087,4
GR,1,1,0.107,0.091,4
GR,1,1,0.112,0.097,4
GR,1,1,0.108,0.092,4
GR,1,1,0.114,0.099,4
GR,1,1,0.11,0.091,4
GR,1,1,0.105,0.085,4
GR,1,1,0.209,0.102,4
GR,1,2,0.115,0.067,4
GR,1,2,0.119,0.093,4
GR,1,2,0.097,0.08,4
GR,1,2,0.12,0.103,4
GR,1,2,0.122,0.093,4
GR,1,2,0.109,0.087,4
GR,1,2,0.12,0.09,4
GR,1,2,0.126,0.1,4
GR,1,2,0.127,0.101,4
GR,1,2,0.149,0.124,4
GR,1,2,0.142,0.118,4
GR,1,2,0.158,0.124,4
GR,1,2,0.135,0.078,4
GR,1,3,0.134,0.068,4
GR,1,3,0.133,0.098,4
GR,1,3,0.178,0.142,4
GR,1,3,0.165,0.119,4
GR,1,3,0.166,0.112,4
GR,1,3,0.159,0.105,4
GR,1,3,0.157,0.124,4
GR,1,3,0.156,0.113,4
GR,1,3,0.147,0.11,4
GR,1,3,0.152,0.104,4
GR,1,3,0.132,0.11,4
GR,1,3,0.164,0.093,4
GR,1,3,0.148,0.126,4
GR,1,3,0.154,0.115,4
GR,1,3,0.132,0.108,4
GR,1,3,0.164,0.129,4
GR,1,3,0.198,0.144,4
RJ,1,1,0.075,0.045,4
RJ,1,1,0.088,0.078,4
RJ,1,1,0.075,0.065,4
RJ,1,1,0.117,0.101,4
RJ,1,1,0.103,0.081,4
RJ,1,1,0.126,0.115,4
RJ,1,3,0.144,0.11,4
RJ,1,3,0.197,0.144,4
RJ,1,3,0.122,0.087,4
RJ,1,3,0.172,0.141,4
RJ,1,3,0.144,0.114,4
RJ,1,3,0.154,0.113,4
RJ,1,3,0.158,0.126,4
RJ,1,3,0.166,0.124,4
RJ,1,3,0.156,0.13,4
DD,1,1,0.08,0.047,4
DD,1,1,0.088,0.08,4
DD,1,1,0.073,0.065,4
DD,1,1,0.079,0.07,4
DD,1,1,0.084,0.075,4
DD,1,1,0.126,0.11,4
DD,1,1,0.108,0.098,4
DD,1,1,0.086,0.077,4
DD,1,1,0.086,0.076,4
DD,1,1,0.101,0.081,4
DD,1,1,0.111,0.1,4
DD,1,1,0.106,0.086,4
DD,1,1,0.097,0.083,4
DD,1,1,0.064,0.055,4
DD,1,1,0.106,0.075,4
DD,1,1,0.121,0.089,4
DD,1,1,0.085,0.076,4
DD,1,1,0.096,0.087,4
DD,1,1,0.117,0.097,4
DD,1,1,0.104,0.087,4
DD,1,2,0.104,0.08,4
DD,1,2,0.099,0.075,4
DD,1,2,0.134,0.117,4
DD,1,2,0.145,0.114,4
DD,1,2,0.12,0.096,4
DD,1,2,0.124,0.111,4
DD,1,2,0.099,0.086,4
DD,1,2,0.141,0.116,4
DD,1,2,0.142,0.115,4
DD,1,2,0.159,0.119,4
DD,1,2,0.172,0.134,4
DD,1,2,0.127,0.072,4
DD,1,2,0.119,0.08,4
DD,1,2,0.115,0.092,4
DD,1,2,0.131,0.107,4
DD,1,3,0.09,0.067,4
DD,1,3,0.111,0.081,4
DD,1,3,0.123,0.072,4
DD,1,3,0.116,0.076,4
DD,1,3,0.156,0.12,4
DD,1,3,0.142,0.094,4
DD,1,3,0.138,0.098,4
DD,1,3,0.119,0.071,4
GKR,2,1,0.1999,0.1904,1
GKR,2,1,0.2315,0.2204,1
GKR,2,1,0.2203,0.2096,1
GKR,2,1,0.2338,0.2244,1
GKR,2,1,0.2335,0.2227,1
GKR,2,1,0.2297,0.2192,1
GKR,2,1,0.2123,0.2025,1
GKR,2,1,0.2205,0.2096,1
GKR,2,1,0.2122,0.201,1
GKR,2,1,0.2294,0.2201,2
GKR,2,1,0.2314,0.2197,2
GKR,2,1,0.2283,0.2131,2
GKR,2,1,0.2111,0.2016,2
GKR,2,1,0.2104,0.2007,2
GKR,2,1,0.2151,0.2058,2
GKR,2,1,0.2267,0.2165,2
GKR,2,1,0.2239,0.2151,2
GKR,2,1,0.2109,0.1971,2
GKR,2,1,0.2137,0.1998,2
GKR,2,1,0.1932,0.1847,2
GKR,2,1,0.1975,0.1816,2
GKR,2,1,0.1913,0.1819,2
GKR,2,1,0.184,0.1753,2
GKR,2,1,0.1777,0.166,2
GKR,2,1,0.1682,0.1558,3
GKR,2,1,0.1773,0.1659,3
GKR,2,1,0.1746,0.1636,3
GKR,2,1,0.1586,0.1484,3
GKR,2,1,0.1648,0.1554,3
GKR,2,1,0.1646,0.1526,3
GKR,2,1,0.169,0.1583,3
GKR,2,1,0.1656,0.1539,3
GKR,2,1,0.1725,0.162,3
GKR,2,1,0.1536,0.1431,3
GKR,2,1,0.1606,0.15,3
GKR,2,1,0.1509,0.1406,3
GKR,2,1,0.0902,0.0736,4
GKR,2,1,0.0894,0.0703,4
GKR,2,1,0.091,0.0713,4
GKR,2,1,0.0967,0.073,4
GKR,2,1,0.0932,0.0721,4
GKR,2,1,0.0895,0.0715,4
GKR,2,1,0.0961,0.0689,4
GKR,2,1,0.0934,0.0648,4
GKR,2,1,0.0781,0.0584,4
GKR,2,1,0.0903,0.0681,4
GKR,2,1,0.0954,0.0694,4
GKR,2,1,0.0862,0.0709,4
GKR,2,2,0.2282,0.2166,1
GKR,2,2,0.2629,0.2404,1
GKR,2,2,0.266,0.2475,1
GKR,2,2,0.2972,0.2717,1
GKR,2,2,0.2609,0.2453,1
GKR,2,2,0.2641,0.2471,1
GKR,2,2,0.2466,0.2289,1
GKR,2,2,0.2577,0.2413,1
GKR,2,2,0.2475,0.2352,2
GKR,2,2,0.2529,0.2393,2
GKR,2,2,0.2475,0.2269,2
GKR,2,2,0.2578,0.2382,2
GKR,2,2,0.2401,0.2173,2
GKR,2,2,0.2298,0.2051,2
GKR,2,2,0.2321,0.2133,2
GKR,2,2,0.2114,0.1948,2
GKR,2,2,0.2342,0.2182,2
GKR,2,2,0.2388,0.2198,2
GKR,2,2,0.2248,0.2095,2
GKR,2,2,0.2288,0.2152,2
GKR,2,2,0.2313,0.2214,2
GKR,2,2,0.2212,0.2055,2
GKR,2,2,0.1979,0.1773,2
GKR,2,2,0.1792,0.1616,3
GKR,2,2,0.188,0.168,3
GKR,2,2,0.1686,0.1495,3
GKR,2,2,0.1909,0.1699,3
GKR,2,2,0.1764,0.1583,3
GKR,2,2,0.1776,0.1661,3
GKR,2,2,0.1721,0.1562,3
GKR,2,2,0.1759,0.156,3
GKR,2,2,0.1835,0.163,3
GKR,2,2,0.1887,0.1628,3
GKR,2,2,0.1605,0.137,3
GKR,2,2,0.158,0.1262,4
GKR,2,2,0.0926,0.0926,4
GKR,2,2,0.1001,0.0839,4
GKR,2,2,0.1007,0.0781,4
GKR,2,2,0.1034,0.0806,4
GKR,2,2,0.1285,0.1031,4
GKR,2,2,0.1197,0.1023,4
GKR,2,2,0.1104,0.0792,4
GKR,2,2,0.1185,0.0984,4
GKR,2,2,0.1216,0.0999,4
GKR,2,2,0.113,0.0961,4
GKR,2,2,0.1177,0.0927,4
GKR,2,2,0.112,0.0917,4
GKR,2,3,0.2098,0.1859,1
GKR,2,3,0.2287,0.1992,1
GKR,2,3,0.2373,0.2097,1
GKR,2,3,0.2588,0.2272,1
GKR,2,3,0.2728,0.2388,1
GKR,2,3,0.2804,0.2489,1
GKR,2,3,0.286,0.2581,1
GKR,2,3,0.252,0.2251,1
GKR,2,3,0.2881,0.257,2
GKR,2,3,0.279,0.256,2
GKR,2,3,0.2819,0.2473,2
GKR,2,3,0.2764,0.2459,2
GKR,2,3,0.2851,0.2493,2
GKR,2,3,0.2656,0.2389,2
GKR,2,3,0.2614,0.228,2
GKR,2,3,0.2647,0.2338,2
GKR,2,3,0.2891,0.2586,2
GKR,2,3,0.2381,0.2067,2
GKR,2,3,0.2492,0.2224,2
GKR,2,3,0.2205,0.1883,2
GKR,2,3,0.2782,0.2531,3
GKR,2,3,0.2771,0.25,3
GKR,2,3,0.2785,0.2492,3
GKR,2,3,0.2426,0.206,3
GKR,2,3,0.2353,0.1975,3
GKR,2,3,0.2473,0.2101,3
GKR,2,3,0.2493,0.2173,3
GKR,2,3,0.2367,0.1987,3
GKR,2,3,0.2225,0.1943,3
GKR,2,3,0.2672,0.2225,3
GKR,2,3,0.2339,0.1921,3
GKR,2,3,0.2233,0.1814,3
GKR,2,3,0.133,0.1126,4
GKR,2,3,0.1429,0.117,4
GKR,2,3,0.1407,0.1103,4
GKR,2,3,0.1182,0.1032,4
GKR,2,3,0.1434,0.1143,4
GKR,2,3,0.1549,0.1203,4
GKR,2,3,0.1543,0.1187,4
GKR,2,3,0.1446,0.1216,4
GKR,2,3,0.1335,0.1062,4
GKR,2,3,0.1248,0.1067,4
GKR,2,3,0.1372,0.1023,4
GKR,2,3,0.1393,0.1078,4
GKR,2,4,0.2173,0.2077,1
GKR,2,4,0.2522,0.2401,1
GKR,2,4,0.2738,0.2556,1
GKR,2,4,0.2843,0.2675,1
GKR,2,4,0.2948,0.2849,1
GKR,2,4,0.3184,0.2993,1
GKR,2,4,0.2936,0.2833,1
GKR,2,4,0.2932,0.2793,1
GKR,2,4,0.2906,0.2768,1
GKR,2,4,0.2772,0.2668,2
GKR,2,4,0.2657,0.2551,2
GKR,2,4,0.2732,0.2634,2
GKR,2,4,0.2708,0.2558,2
GKR,2,4,0.2685,0.2576,2
GKR,2,4,0.274,0.2606,2
GKR,2,4,0.2562,0.2467,2
GKR,2,4,0.256,0.2448,2
GKR,2,4,0.2475,0.236,2
GKR,2,4,0.2414,0.2294,2
GKR,2,4,0.215,0.2036,2
GKR,2,4,0.2423,0.2286,2
GKR,2,4,0.2021,0.1888,2
GKR,2,4,0.2357,0.2264,2
GKR,2,4,0.2126,0.2025,3
GKR,2,4,0.2246,0.2132,3
GKR,2,4,0.219,0.2077,3
GKR,2,4,0.2246,0.2088,3
GKR,2,4,0.2093,0.1938,3
GKR,2,4,0.2373,0.2186,3
GKR,2,4,0.2313,0.2166,3
GKR,2,4,0.2037,0.1923,3
GKR,2,4,0.2322,0.2198,3
GKR,2,4,0.2096,0.1981,3
GKR,2,4,0.234,0.2214,3
GKR,2,4,0.2295,0.2118,3
GKR,2,4,0.1186,0.1027,4
GKR,2,4,0.1069,0.0965,4
GKR,2,4,0.1296,0.1105,4
GKR,2,4,0.1085,0.0953,4
GKR,2,4,0.103,0.0896,4
GKR,2,4,0.1271,0.1053,4
GKR,2,4,0.1128,0.093,4
GKR,2,4,0.1147,0.0926,4
GKR,2,4,0.1235,0.1059,4
GKR,2,4,0.1322,0.1038,4
GKR,2,4,0.1267,0.1135,4
GKR,2,4,0.1164,0.1027,4
BR,2,1,0.2279,0.2166,1
BR,2,1,0.2227,0.2057,1
BR,2,1,0.2248,0.2161,1
BR,2,1,0.269,0.2557,1
BR,2,1,0.243,0.2326,1
BR,2,1,0.2251,0.2161,1
BR,2,1,0.2675,0.2614,1
BR,2,1,0.2826,0.269,1
BR,2,1,0.2723,0.2633,1
BR,2,1,0.4568,0.4422,2
BR,2,1,0.4216,0.4124,2
BR,2,1,0.3468,0.3284,2
BR,2,1,0.3794,0.3633,2
BR,2,1,0.3265,0.3124,2
BR,2,1,0.3464,0.3336,2
BR,2,1,0.3369,0.3242,2
BR,2,1,0.3487,0.3242,2
BR,2,1,0.2161,0.2034,2
BR,2,1,0.243,0.2293,3
BR,2,1,0.2539,0.2444,3
BR,2,1,0.269,0.259,3
BR,2,1,0.2581,0.2463,3
BR,2,1,0.2501,0.2321,3
BR,2,1,0.2605,0.2482,3
BR,2,1,0.2397,0.2298,3
BR,2,1,0.2364,0.2246,3
BR,2,1,0.2657,0.2557,3
BR,2,1,0.2303,0.2199,3
BR,2,1,0.1009,0.0972,4
BR,2,1,0.1042,0.0986,4
BR,2,1,0.1071,0.1009,4
BR,2,1,0.1212,0.1057,4
BR,2,1,0.0953,0.0906,4
BR,2,1,0.1142,0.1019,4
BR,2,1,0.1047,0.0925,4
BR,2,1,0.1189,0.1038,4
BR,2,1,0.117,0.1057,4
BR,2,1,0.117,0.1028,4
BR,2,2,0.2265,0.2081,1
BR,2,2,0.2481,0.2292,1
BR,2,2,0.2387,0.2308,1
BR,2,2,0.2186,0.1965,1
BR,2,2,0.235,0.216,1
BR,2,2,0.2561,0.235,1
BR,2,2,0.2592,0.2424,1
BR,2,2,0.1912,0.1733,1
BR,2,2,0.3193,0.2919,2
BR,2,2,0.313,0.294,2
BR,2,2,0.3435,0.3119,2
BR,2,2,0.3604,0.3414,2
BR,2,2,0.3288,0.3035,2
BR,2,2,0.3098,0.2803,2
BR,2,2,0.3045,0.2824,2
BR,2,2,0.3214,0.2929,2
BR,2,2,0.294,0.2719,2
BR,2,2,0.2539,0.234,2
BR,2,2,0.2561,0.2266,2
BR,2,2,0.2747,0.2579,2
BR,2,2,0.2353,0.2156,3
BR,2,2,0.2235,0.2008,3
BR,2,2,0.2112,0.188,3
BR,2,2,0.2053,0.1905,3
BR,2,2,0.1959,0.1806,3
BR,2,2,0.2102,0.187,3
BR,2,2,0.1944,0.1787,3
BR,2,2,0.2048,0.1836,3
BR,2,2,0.1595,0.1447,3
BR,2,2,0.1831,0.1614,3
BR,2,2,0.1486,0.1275,4
BR,2,2,0.1349,0.1075,4
BR,2,2,0.137,0.1138,4
BR,2,2,0.1264,0.1053,4
BR,2,2,0.1349,0.1127,4
BR,2,2,0.1359,0.099,4
BR,2,2,0.1385,0.1113,4
BR,2,2,0.13,0.106,4
BR,2,2,0.1253,0.0998,4
BR,2,2,0.1222,0.099,4
BR,2,3,0.244,0.2164,1
BR,2,3,0.3028,0.271,1
BR,2,3,0.2742,0.244,1
BR,2,3,0.2941,0.2639,1
BR,2,3,0.3004,0.2655,1
BR,2,3,0.279,0.2488,1
BR,2,3,0.2504,0.2281,1
BR,2,3,0.2527,0.2249,1
BR,2,3,0.3451,0.3002,2
BR,2,3,0.3339,0.2981,2
BR,2,3,0.3339,0.2951,2
BR,2,3,0.2961,0.2634,2
BR,2,3,0.3032,0.2593,2
BR,2,3,0.2848,0.2471,2
BR,2,3,0.3124,0.2573,2
BR,2,3,0.2522,0.2154,2
BR,2,3,0.3277,0.2879,3
BR,2,3,0.3175,0.2746,3
BR,2,3,0.3094,0.2746,3
BR,2,3,0.3027,0.269,3
BR,2,3,0.3442,0.3042,3
BR,2,3,0.2923,0.2651,3
BR,2,3,0.2957,0.2582,3
BR,2,3,0.2868,0.2562,3
BR,2,3,0.2908,0.2611,3
BR,2,3,0.2943,0.2591,3
BR,2,3,0.1409,0.1083,4
BR,2,3,0.1523,0.1137,4
BR,2,3,0.1397,0.1154,4
BR,2,3,0.1454,0.1271,4
BR,2,3,0.1263,0.1058,4
BR,2,3,0.1298,0.0971,4
BR,2,3,0.138,0.1178,4
BR,2,3,0.137,0.1088,4
BR,2,3,0.1478,0.114,4
BR,2,3,0.1357,0.1112,4
BR,2,4,0.2149,0.2023,1
BR,2,4,0.2616,0.2516,1
BR,2,4,0.2548,0.2464,1
BR,2,4,0.2149,0.2055,1
BR,2,4,0.2652,0.2534,1
BR,2,4,0.3166,0.3082,1
BR,2,4,0.2873,0.2726,1
BR,2,4,0.2306,0.2175,1
BR,2,4,0.2841,0.2736,2
BR,2,4,0.3114,0.2972,2
BR,2,4,0.3292,0.3124,2
BR,2,4,0.3219,0.3103,2
BR,2,4,0.3093,0.2936,2
BR,2,4,0.2967,0.2841,2
BR,2,4,0.3051,0.2915,2
BR,2,4,0.2726,0.2579,2
BR,2,4,0.2306,0.2181,3
BR,2,4,0.2207,0.2144,3
BR,2,4,0.2128,0.207,3
BR,2,4,0.2236,0.2165,3
BR,2,4,0.2285,0.2175,3
BR,2,4,0.2422,0.2317,3
BR,2,4,0.1772,0.1672,3
BR,2,4,0.2296,0.2186,3
BR,2,4,0.239,0.2275,3
BR,2,4,0.2186,0.2081,3
BR,2,4,0.1216,0.1074,4
BR,2,4,0.1496,0.1247,4
BR,2,4,0.1284,0.1148,4
BR,2,4,0.1179,0.1032,4
BR,2,4,0.1169,0.0922,4
BR,2,4,0.1399,0.1274,4
BR,2,4,0.1389,0.1163,4
BR,2,4,0.1546,0.1326,4
BR,2,4,0.1431,0.1274,4
BR,2,4,0.1205,0.1001,4
SS,2,1,0.327,0.317,1
SS,2,1,0.382,0.373,1
SS,2,1,0.354,0.342,1
SS,2,1,0.344,0.332,1
SS,2,1,0.392,0.381,1
SS,2,1,0.243,0.233,2
SS,2,1,0.248,0.24,2
SS,2,1,0.249,0.239,2
SS,2,1,0.252,0.242,2
SS,2,1,0.286,0.273,2
SS,2,1,0.274,0.264,2
SS,2,1,0.305,0.29,2
SS,2,1,0.289,0.275,2
SS,2,1,0.41,0.4,2
SS,2,1,0.174,0.163,3
SS,2,1,0.151,0.141,3
SS,2,1,0.151,0.142,3
SS,2,1,0.142,0.131,3
SS,2,1,0.15,0.138,3
SS,2,1,0.15,0.138,3
SS,2,1,0.135,0.125,3
SS,2,1,0.143,0.132,3
SS,2,1,0.129,0.118,3
SS,2,1,0.155,0.143,3
SS,2,1,0.137,0.127,3
SS,2,1,0.142,0.132,3
SS,2,1,0.145,0.131,3
SS,2,1,0.079,0.069,4
SS,2,1,0.086,0.082,4
SS,2,1,0.06,0.054,4
SS,2,1,0.099,0.086,4
SS,2,1,0.082,0.074,4
SS,2,1,0.096,0.091,4
SS,2,1,0.091,0.083,4
SS,2,1,0.079,0.075,4
SS,2,1,0.087,0.075,4
SS,2,1,0.099,0.088,4
SS,2,1,0.064,0.059,4
SS,2,1,0.097,0.087,4
SS,2,1,0.062,0.055,4
SS,2,1,0.1,0.096,4
SS,2,2,0.356,0.334,1
SS,2,2,0.354,0.339,1
SS,2,2,0.353,0.336,1
SS,2,2,0.348,0.325,1
SS,2,2,0.354,0.337,1
SS,2,2,0.331,0.316,1
SS,2,2,0.222,0.199,2
SS,2,2,0.251,0.232,2
SS,2,2,0.264,0.249,2
SS,2,2,0.236,0.223,2
SS,2,2,0.24,0.227,2
SS,2,2,0.238,0.226,2
SS,2,2,0.215,0.205,2
SS,2,2,0.227,0.215,2
SS,2,2,0.2,0.187,2
SS,2,2,0.235,0.223,2
SS,2,2,0.212,0.196,2
SS,2,2,0.21,0.196,2
SS,2,2,0.325,0.311,2
SS,2,2,0.097,0.087,3
SS,2,2,0.098,0.088,3
SS,2,2,0.108,0.094,3
SS,2,2,0.102,0.093,3
SS,2,2,0.126,0.11,3
SS,2,2,0.109,0.094,3
SS,2,2,0.14,0.128,3
SS,2,2,0.133,0.122,3
SS,2,2,0.128,0.115,3
SS,2,2,0.122,0.11,3
SS,2,2,0.138,0.129,3
SS,2,2,0.135,0.126,3
SS,2,2,0.132,0.121,3
SS,2,2,0.119,0.107,3
SS,2,2,0.104,0.093,3
SS,2,2,0.118,0.107,3
SS,2,2,0.106,0.09,3
SS,2,2,0.098,0.087,3
SS,2,2,0.114,0.104,3
SS,2,2,0.092,0.076,4
SS,2,2,0.091,0.079,4
SS,2,2,0.119,0.082,4
SS,2,2,0.11,0.094,4
SS,2,2,0.097,0.082,4
SS,2,2,0.097,0.079,4
SS,2,2,0.106,0.086,4
SS,2,2,0.111,0.093,4
SS,2,2,0.101,0.086,4
SS,2,2,0.096,0.084,4
SS,2,2,0.09,0.076,4
SS,2,3,0.331,0.304,1
SS,2,3,0.326,0.301,1
SS,2,3,0.334,0.311,1
SS,2,3,0.339,0.306,1
SS,2,3,0.323,0.295,1
SS,2,3,0.267,0.235,2
SS,2,3,0.251,0.227,2
SS,2,3,0.254,0.235,2
SS,2,3,0.248,0.228,2
SS,2,3,0.261,0.241,2
SS,2,3,0.285,0.269,2
SS,2,3,0.288,0.274,2
SS,2,3,0.262,0.247,2
SS,2,3,0.286,0.274,2
SS,2,3,0.269,0.253,2
SS,2,3,0.261,0.241,2
SS,2,3,0.243,0.226,2
SS,2,3,0.352,0.335,2
SS,2,3,0.167,0.142,3
SS,2,3,0.125,0.107,3
SS,2,3,0.133,0.118,3
SS,2,3,0.127,0.112,3
SS,2,3,0.136,0.119,3
SS,2,3,0.13,0.116,3
SS,2,3,0.122,0.104,3
SS,2,3,0.135,0.119,3
SS,2,3,0.12,0.101,3
SS,2,3,0.105,0.086,3
SS,2,3,0.132,0.114,3
SS,2,3,0.088,0.066,4
SS,2,3,0.089,0.075,4
SS,2,3,0.085,0.072,4
SS,2,3,0.076,0.06,4
SS,2,3,0.084,0.072,4
SS,2,3,0.068,0.047,4
SS,2,3,0.09,0.077,4
SS,2,3,0.081,0.063,4
SS,2,3,0.085,0.072,4
SS,2,3,0.09,0.074,4
SS,2,3,0.094,0.077,4
SS,2,3,0.094,0.08,4
SS,2,3,0.9,0.073,4
SS,2,3,0.101,0.082,4
SS,2,4,0.361,0.352,1
SS,2,4,0.321,0.315,1
SS,2,4,0.34,0.333,1
SS,2,4,0.341,0.333,1
SS,2,4,0.35,0.341,1
SS,2,4,0.386,0.378,1
SS,2,4,0.331,0.321,1
SS,2,4,0.337,0.328,2
SS,2,4,0.309,0.301,2
SS,2,4,0.32,0.312,2
SS,2,4,0.376,0.366,2
SS,2,4,0.334,0.326,2
SS,2,4,0.346,0.338,2
SS,2,4,0.355,0.346,2
SS,2,4,0.34,0.334,2
SS,2,4,0.339,0.332,2
SS,2,4,0.337,0.327,2
SS,2,4,0.347,0.339,2
SS,2,4,0.312,0.304,2
SS,2,4,0.085,0.08,3
SS,2,4,0.093,0.087,3
SS,2,4,0.097,0.089,3
SS,2,4,0.096,0.091,3
SS,2,4,0.081,0.074,3
SS,2,4,0.115,0.103,3
SS,2,4,0.09,0.083,3
SS,2,4,0.086,0.078,3
SS,2,4,0.09,0.083,3
SS,2,4,0.111,0.101,3
SS,2,4,0.083,0.077,3
SS,2,4,0.105,0.098,3
SS,2,4,0.071,0.065,3
SS,2,4,0.119,0.11,4
SS,2,4,0.08,0.072,4
SS,2,4,0.1,0.091,4
SS,2,4,0.086,0.077,4
MS,2,1,0.276,0.2648,1
MS,2,1,0.2773,0.2669,1
MS,2,1,0.3397,0.3229,1
MS,2,1,0.2743,0.2493,1
MS,2,1,0.2562,0.2343,1
MS,2,1,0.2143,0.1931,2
MS,2,1,0.2214,0.2043,2
MS,2,1,0.257,0.239,2
MS,2,1,0.2519,0.2328,2
MS,2,1,0.2334,0.2103,2
MS,2,1,0.2442,0.2219,2
MS,2,1,0.2384,0.211,2
MS,2,1,0.194,0.166,3
MS,2,1,0.2149,0.2006,3
MS,2,1,0.2277,0.205,3
MS,2,1,0.2304,0.2086,3
MS,2,1,0.229,0.2107,3
MS,2,1,0.2324,0.2134,3
MS,2,1,0.2491,0.222,3
MS,2,1,0.2409,0.2032,3
MS,2,1,0.2672,0.2409,3
MS,2,1,0.1892,0.1666,4
MS,2,1,0.2617,0.2453,4
MS,2,1,0.2701,0.2588,4
MS,2,1,0.2443,0.2282,4
MS,2,1,0.268,0.2522,4
MS,2,1,0.3118,0.2876,4
MS,2,1,0.2641,0.2441,4
MS,2,1,0.2864,0.2643,4
MS,2,1,0.2567,0.2348,4
MS,2,1,0.2843,0.2642,4
MS,2,1,0.3282,0.305,4
MS,2,3,0.3128,0.2547,1
MS,2,3,0.3017,0.2365,1
MS,2,3,0.3097,0.2579,1
MS,2,3,0.2978,0.2277,1
MS,2,3,0.2112,0.1683,1
MS,2,3,0.2856,0.2387,2
MS,2,3,0.3134,0.2763,2
MS,2,3,0.2844,0.246,2
MS,2,3,0.2898,0.2437,2
MS,2,3,0.2968,0.2595,2
MS,2,3,0.2668,0.2273,2
MS,2,3,0.2526,0.2177,3
MS,2,3,0.2618,0.2198,3
MS,2,3,0.2605,0.2224,3
MS,2,3,0.2755,0.239,3
MS,2,3,0.2654,0.2137,3
MS,2,3,0.2519,0.2174,3
MS,2,3,0.2737,0.2396,3
MS,2,3,0.2587,0.2103,3
MS,2,3,0.2341,0.1784,4
MS,2,3,0.1733,0.1473,4
MS,2,3,0.178,0.15,4
MS,2,3,0.1676,0.1434,4
MS,2,3,0.169,0.1429,4
MS,2,3,0.1795,0.1524,4
MS,2,3,0.1504,0.1236,4
MS,2,3,0.17,0.146,4
MS,2,3,0.1718,0.1522,4
MS,2,3,0.1821,0.1519,4
MS,2,3,0.1508,0.1253,4
MS,2,4,0.3305,0.301,1
MS,2,4,0.2726,0.2502,1
MS,2,4,0.3542,0.3276,1
MS,2,4,0.3009,0.2766,1
MS,2,4,0.2576,0.2247,1
MS,2,4,0.2753,0.2536,2
MS,2,4,0.2411,0.2205,2
MS,2,4,0.2364,0.2198,2
MS,2,4,0.2107,0.1876,2
MS,2,4,0.2353,0.2162,2
MS,2,4,0.2421,0.2211,2
MS,2,4,0.2688,0.2447,3
MS,2,4,0.2195,0.2005,3
MS,2,4,0.234,0.214,3
MS,2,4,0.2623,0.24,3
MS,2,4,0.2729,0.2533,3
MS,2,4,0.2181,0.1964,3
MS,2,4,0.2464,0.2243,3
MS,2,4,0.2004,0.1817,4
MS,2,4,0.1937,0.1736,4
MS,2,4,0.1676,0.1578,4
MS,2,4,0.1821,0.167,4
MS,2,4,0.1896,0.1776,4
MS,2,4,0.1603,0.1438,4
MS,2,4,0.1862,0.1731,4
MS,2,4,0.1764,0.1659,4
MS,2,4,0.1869,0.1748,4
MS,2,4,0.1788,0.1686,4
MS,2,4,0.1738,0.162,4
MS,2,4,0.1865,0.1736,4
MS,2,2,0.2609,0.2416,1
MS,2,2,0.2548,0.2321,1
MS,2,2,0.2714,0.2434,1
MS,2,2,0.2725,0.2582,1
MS,2,2,0.2297,0.2124,1
MS,2,2,0.229,0.2131,2
MS,2,2,0.2446,0.2252,2
MS,2,2,0.2631,0.2322,2
MS,2,2,0.2505,0.2356,2
MS,2,2,0.2794,0.2541,2
MS,2,2,0.2454,0.2196,2
MS,2,2,0.2323,0.2115,2
MS,2,2,0.2544,0.2327,3
MS,2,2,0.2636,0.2438,3
MS,2,2,0.2322,0.214,3
MS,2,2,0.2772,0.2601,3
MS,2,2,0.2786,0.2566,3
MS,2,2,0.2985,0.2726,3
MS,2,2,0.2644,0.2388,3
MS,2,2,0.2873,0.2651,3
MS,2,2,0.2013,0.1853,3
MS,2,2,0.3184,0.3009,4
MS,2,2,0.308,0.2864,4
MS,2,2,0.2947,0.2668,4
MS,2,2,0.3412,0.3229,4
MS,2,2,0.2874,0.2676,4
MS,2,2,0.2925,0.2761,4
MS,2,2,0.3006,0.2807,4
MS,2,2,0.3139,0.2908,4
MS,2,2,0.2733,0.2574,4
MS,2,2,0.3255,0.3041,4
SK,2,1,0.271,0.252,1
SK,2,1,0.295,0.275,1
SK,2,1,0.283,0.263,1
SK,2,1,0.289,0.268,1
SK,2,1,0.314,0.295,1
SK,2,1,0.304,0.29,1
SK,2,1,0.264,0.246,1
SK,2,1,0.284,0.264,1
SK,2,1,0.272,0.251,1
SK,2,1,0.245,0.225,1
SK,2,1,0.254,0.23,1
SK,2,1,0.217,0.198,1
SK,2,1,0.224,0.206,2
SK,2,1,0.194,0.173,2
SK,2,1,0.197,0.176,2
SK,2,1,0.211,0.192,2
SK,2,1,0.188,0.168,2
SK,2,1,0.201,0.181,2
SK,2,1,0.199,0.179,2
SK,2,1,0.212,0.191,2
SK,2,1,0.189,0.17,2
SK,2,1,0.181,0.162,2
SK,2,1,0.18,0.161,2
SK,2,1,0.17,0.151,2
SK,2,1,0.191,0.17,2
SK,2,1,0.188,0.167,2
SK,2,1,0.161,0.144,3
SK,2,1,0.211,0.193,3
SK,2,1,0.207,0.187,3
SK,2,1,0.104,0.09,3
SK,2,1,0.096,0.081,3
SK,2,1,0.103,0.081,3
SK,2,1,0.101,0.079,3
SK,2,1,0.109,0.097,3
SK,2,1,0.099,0.087,3
SK,2,1,0.114,0.098,3
SK,2,1,0.106,0.082,3
SK,2,1,0.108,0.087,4
SK,2,1,0.087,0.08,4
SK,2,1,0.091,0.066,4
SK,2,1,0.096,0.076,4
SK,2,1,0.095,0.074,4
SK,2,1,0.102,0.078,4
SK,2,1,0.096,0.055,4
SK,2,1,0.1,0.072,4
SK,2,2,0.33,0.304,1
SK,2,2,0.308,0.288,1
SK,2,2,0.309,0.282,1
SK,2,2,0.33,0.299,1
SK,2,2,0.302,0.276,1
SK,2,2,0.294,0.271,1
SK,2,2,0.275,0.247,2
SK,2,2,0.368,0.343,2
SK,2,2,0.313,0.288,2
SK,2,2,0.287,0.268,2
SK,2,2,0.272,0.247,2
SK,2,2,0.245,0.216,2
SK,2,2,0.249,0.223,2
SK,2,2,0.255,0.255,2
SK,2,2,0.238,0.211,2
SK,2,2,0.215,0.194,3
SK,2,2,0.195,0.172,3
SK,2,2,0.202,0.169,3
SK,2,2,0.199,0.173,3
SK,2,2,0.185,0.156,3
SK,2,2,0.185,0.159,3
SK,2,2,0.188,0.163,3
SK,2,2,0.181,0.152,3
SK,2,2,0.18,0.152,3
SK,2,2,0.174,0.149,3
SK,2,2,0.165,0.136,3
SK,2,2,0.164,0.138,3
SK,2,2,0.172,0.145,3
SK,2,2,0.173,0.148,3
SK,2,2,0.177,0.15,3
SK,2,2,0.115,0.097,4
SK,2,2,0.116,0.093,4
SK,2,2,0.118,0.099,4
SK,2,2,0.135,0.11,4
SK,2,2,0.125,0.105,4
SK,2,2,0.123,0.094,4
SK,2,2,0.12,0.095,4
SK,2,2,0.114,0.093,4
SK,2,2,0.119,0.098,4
SK,2,2,0.112,0.093,4
SK,2,2,0.11,0.086,4
SK,2,2,0.114,0.092,4
SK,2,2,0.113,0.093,4
SK,2,2,0.126,0.1,4
SK,2,2,0.124,0.1,4
SK,2,2,0.119,0.092,4
SK,2,3,0.284,0.249,1
SK,2,3,0.313,0.273,1
SK,2,3,0.295,0.256,1
SK,2,3,0.322,0.274,1
SK,2,3,0.334,0.283,1
SK,2,3,0.322,0.266,1
SK,2,3,0.33,0.291,2
SK,2,3,0.328,0.294,2
SK,2,3,0.338,0.295,2
SK,2,3,0.303,0.267,2
SK,2,3,0.312,0.278,2
SK,2,3,0.31,0.275,2
SK,2,3,0.301,0.264,2
SK,2,3,0.276,0.238,2
SK,2,3,0.234,0.203,2
SK,2,3,0.234,0.203,2
SK,2,3,0.207,0.169,3
SK,2,3,0.21,0.168,3
SK,2,3,0.215,0.179,3
SK,2,3,0.228,0.192,3
SK,2,3,0.2,0.166,3
SK,2,3,0.237,0.204,3
SK,2,3,0.22,0.181,3
SK,2,3,0.208,0.169,3
SK,2,3,0.219,0.181,3
SK,2,3,0.109,0.084,4
SK,2,3,0.095,0.076,4
SK,2,3,0.11,0.077,4
SK,2,3,0.1,0.08,4
SK,2,3,0.108,0.074,4
SK,2,3,0.12,0.094,4
SK,2,3,0.102,0.074,4
SK,2,3,0.114,0.094,4
SK,2,3,0.105,0.078,4
SK,2,3,0.105,0.086,4
SK,2,3,0.104,0.077,4
SK,2,3,0.104,0.083,4
SK,2,3,0.113,0.086,4
SK,2,3,0.116,0.084,4
SK,2,3,0.112,0.087,4
SK,2,4,0.355,0.344,1
SK,2,4,0.29,0.275,1
SK,2,4,0.306,0.292,1
SK,2,4,0.296,0.281,1
SK,2,4,0.262,0.246,1
SK,2,4,0.251,0.236,2
SK,2,4,0.247,0.232,2
SK,2,4,0.27,0.255,2
SK,2,4,0.238,0.227,2
SK,2,4,0.268,0.25,2
SK,2,4,0.254,0.238,2
SK,2,4,0.269,0.257,2
SK,2,4,0.268,0.249,2
SK,2,4,0.253,0.238,2
SK,2,4,0.211,0.197,3
SK,2,4,0.188,0.175,3
SK,2,4,0.194,0.179,3
SK,2,4,0.168,0.158,3
SK,2,4,0.167,0.152,3
SK,2,4,0.158,0.145,3
SK,2,4,0.189,0.17,3
SK,2,4,0.171,0.154,3
SK,2,4,0.171,0.16,3
SK,2,4,0.178,0.17,3
SK,2,4,0.165,0.152,3
SK,2,4,0.18,0.171,3
SK,2,4,0.166,0.152,3
SK,2,4,0.164,0.151,3
SK,2,4,0.162,0.151,3
SK,2,4,0.174,0.161,3
SK,2,4,0.098,0.091,4
SK,2,4,0.101,0.091,4
SK,2,4,0.105,0.089,4
SK,2,4,0.134,0.117,4
SK,2,4,0.127,0.111,4
SK,2,4,0.133,0.121,4
SK,2,4,0.123,0.113,4
SK,2,4,0.126,0.11,4
SL,2,1,0.294,0.277,1
SL,2,1,0.3,0.29,1
SL,2,1,0.288,0.275,1
SL,2,1,0.283,0.267,1
SL,2,1,0.258,0.243,1
SL,2,1,0.2,0.188,2
SL,2,1,0.205,0.195,2
SL,2,1,0.215,0.201,2
SL,2,1,0.202,0.19,2
SL,2,1,0.214,0.205,2
SL,2,1,0.238,0.222,3
SL,2,1,0.228,0.213,3
SL,2,1,0.282,0.267,3
SL,2,1,0.266,0.251,3
SL,2,1,0.239,0.224,3
SL,2,1,0.179,0.164,3
SL,2,1,0.178,0.168,4
SL,2,1,0.174,0.163,4
SL,2,1,0.182,0.174,4
SL,2,1,0.157,0.15,4
SL,2,1,0.194,0.183,4
SL,2,1,0.194,0.189,4
SL,2,1,0.199,0.193,4
SL,2,1,0.176,0.168,4
SL,2,1,0.198,0.193,4
SL,2,1,0.256,0.249,4
SL,2,2,0.295,0.275,1
SL,2,2,0.283,0.266,1
SL,2,2,0.287,0.274,1
SL,2,2,0.249,0.234,1
SL,2,2,0.267,0.251,1
SL,2,2,0.285,0.267,2
SL,2,2,0.275,0.256,2
SL,2,2,0.288,0.273,2
SL,2,2,0.334,0.316,2
SL,2,2,0.282,0.268,2
SL,2,2,0.289,0.278,2
SL,2,2,0.225,0.21,3
SL,2,2,0.274,0.258,3
SL,2,2,0.24,0.231,3
SL,2,2,0.214,0.201,3
SL,2,2,0.243,0.226,3
SL,2,2,0.257,0.232,3
SL,2,2,0.272,0.257,3
SL,2,2,0.232,0.218,3
SL,2,2,0.201,0.186,4
SL,2,2,0.196,0.178,4
SL,2,2,0.224,0.21,4
SL,2,2,0.217,0.204,4
SL,2,2,0.213,0.199,4
SL,2,2,0.223,0.209,4
SL,2,2,0.227,0.205,4
SL,2,2,0.22,0.203,4
SL,2,2,0.244,0.226,4
SL,2,2,0.213,0.195,4
SL,2,2,0.228,0.214,4
SL,2,2,0.251,0.236,4
SL,2,2,0.264,0.236,4
SL,2,3,0.326,0.283,1
SL,2,3,0.347,0.316,1
SL,2,3,0.351,0.321,1
SL,2,3,0.339,0.316,1
SL,2,3,0.324,0.295,1
SL,2,3,0.293,0.27,2
SL,2,3,0.303,0.283,2
SL,2,3,0.316,0.287,2
SL,2,3,0.349,0.326,2
SL,2,3,0.332,0.303,2
SL,2,3,0.316,0.292,2
SL,2,3,0.301,0.278,3
SL,2,3,0.269,0.252,3
SL,2,3,0.28,0.263,3
SL,2,3,0.265,0.251,3
SL,2,3,0.281,0.258,3
SL,2,3,0.31,0.292,3
SL,2,3,0.291,0.277,3
SL,2,3,0.262,0.241,4
SL,2,3,0.292,0.278,4
SL,2,3,0.254,0.241,4
SL,2,3,0.266,0.251,4
SL,2,3,0.251,0.232,4
SL,2,3,0.288,0.271,4
SL,2,3,0.246,0.227,4
SL,2,3,0.277,0.259,4
SL,2,3,0.266,0.249,4
SL,2,3,0.295,0.28,4
SL,2,3,0.274,0.254,4
SL,2,3,0.296,0.283,4
SL,2,4,0.269,0.259,1
SL,2,4,0.273,0.264,1
SL,2,4,0.289,0.279,1
SL,2,4,0.288,0.28,1
SL,2,4,0.288,0.279,1
SL,2,4,0.251,0.241,2
SL,2,4,0.226,0.217,2
SL,2,4,0.265,0.257,2
SL,2,4,0.279,0.27,2
SL,2,4,0.262,0.253,2
SL,2,4,0.295,0.286,2
SL,2,4,0.265,0.249,2
SL,2,4,0.22,0.212,2
SL,2,4,0.234,0.226,3
SL,2,4,0.264,0.256,3
SL,2,4,0.236,0.227,3
SL,2,4,0.289,0.28,3
SL,2,4,0.232,0.225,3
SL,2,4,0.27,0.261,3
SL,2,4,0.218,0.21,3
SL,2,4,0.198,0.19,3
SL,2,4,0.207,0.202,4
SL,2,4,0.228,0.219,4
SL,2,4,0.218,0.213,4
SL,2,4,0.221,0.213,4
SL,2,4,0.188,0.18,4
SL,2,4,0.2,0.193,4
SL,2,4,0.223,0.214,4
SL,2,4,0.234,0.225,4
SL,2,4,0.233,0.225,4
SR,2,1,0.45,0.437,1
SR,2,1,0.463,0.441,1
SR,2,1,0.477,0.46,1
SR,2,1,0.459,0.444,1
SR,2,1,0.356,0.333,1
SR,2,1,0.403,0.388,2
SR,2,1,0.428,0.415,2
SR,2,1,0.417,0.391,2
SR,2,1,0.426,0.408,2
SR,2,1,0.402,0.39,2
SR,2,1,0.369,0.357,2
SR,2,1,0.404,0.392,2
SR,2,1,0.406,0.387,2
SR,2,1,0.322,0.307,2
SR,2,1,0.26,0.249,3
SR,2,1,0.261,0.253,3
SR,2,1,0.255,0.245,3
SR,2,1,0.278,0.273,3
SR,2,1,0.251,0.238,3
SR,2,1,0.254,0.237,3
SR,2,1,0.233,0.227,3
SR,2,1,0.233,0.225,3
SR,2,1,0.235,0.229,3
SR,2,1,0.242,0.235,3
SR,2,1,0.216,0.211,3
SR,2,1,0.24,0.223,3
SR,2,1,0.262,0.254,3
SR,2,1,0.213,0.206,3
SR,2,1,0.179,0.17,3
SR,2,1,0.109,0.1,4
SR,2,1,0.108,0.096,4
SR,2,1,0.102,0.097,4
SR,2,1,0.095,0.089,4
SR,2,1,0.089,0.082,4
SR,2,1,0.099,0.081,4
SR,2,1,0.12,0.114,4
SR,2,1,0.107,0.1,4
SR,2,1,0.12,0.113,4
SR,2,1,0.095,0.088,4
SR,2,1,0.094,0.086,4
SR,2,1,0.096,0.088,4
SR,2,1,0.095,0.087,4
SR,2,1,0.095,0.087,4
SR,2,1,0.105,0.1,4
SR,2,1,0.115,0.112,4
SR,2,2,0.427,0.398,1
SR,2,2,0.465,0.423,1
SR,2,2,0.503,0.468,1
SR,2,2,0.433,0.396,1
SR,2,2,0.446,0.417,1
SR,2,2,0.321,0.283,1
SR,2,2,0.403,0.367,1
SR,2,2,0.396,0.371,1
SR,2,2,0.412,0.381,1
SR,2,2,0.453,0.422,3
SR,2,2,0.442,0.404,3
SR,2,2,0.444,0.409,3
SR,2,2,0.428,0.397,3
SR,2,2,0.403,0.373,3
SR,2,2,0.293,0.257,3
SR,2,2,0.31,0.283,3
SR,2,2,0.278,0.263,3
SR,2,2,0.265,0.249,3
SR,2,2,0.255,0.238,3
SR,2,2,0.287,0.271,3
SR,2,2,0.27,0.251,3
SR,2,2,0.263,0.238,3
SR,2,2,0.262,0.241,3
SR,2,2,0.254,0.236,3
SR,2,2,0.289,0.267,4
SR,2,2,0.264,0.246,4
SR,2,2,0.243,0.227,4
SR,2,2,0.115,0.097,4
SR,2,2,0.087,0.069,4
SR,2,2,0.088,0.08,4
SR,2,2,0.08,0.063,4
SR,2,2,0.107,0.09,4
SR,2,2,0.094,0.074,4
SR,2,2,0.099,0.079,4
SR,2,2,0.109,0.09,4
SR,2,2,0.103,0.087,4
SR,2,2,0.088,0.066,4
SR,2,2,0.102,0.08,4
SR,2,3,0.375,0.347,1
SR,2,3,0.413,0.363,1
SR,2,3,0.439,0.387,1
SR,2,3,0.388,0.342,1
SR,2,3,0.432,0.386,1
SR,2,3,0.428,0.366,1
SR,2,3,0.366,0.327,1
SR,2,3,0.38,0.347,2
SR,2,3,0.368,0.33,2
SR,2,3,0.382,0.327,2
SR,2,3,0.417,0.371,2
SR,2,3,0.41,0.356,2
SR,2,3,0.388,0.352,2
SR,2,3,0.365,0.308,2
SR,2,3,0.387,0.357,2
SR,2,3,0.366,0.316,2
SR,2,3,0.264,0.23,2
SR,2,3,0.221,0.199,3
SR,2,3,0.231,0.207,3
SR,2,3,0.203,0.178,3
SR,2,3,0.249,0.222,3
SR,2,3,0.226,0.201,3
SR,2,3,0.246,0.22,3
SR,2,3,0.217,0.193,3
SR,2,3,0.244,0.22,3
SR,2,3,0.218,0.196,3
SR,2,3,0.213,0.186,3
SR,2,3,0.216,0.195,3
SR,2,3,0.23,0.205,3
SR,2,3,0.208,0.183,3
SR,2,3,0.226,0.201,3
SR,2,3,0.235,0.205,3
SR,2,3,0.209,0.177,3
SR,2,3,0.199,0.171,3
SR,2,3,0.192,0.166,4
SR,2,3,0.13,0.105,4
SR,2,3,0.103,0.079,4
SR,2,3,0.119,0.1,4
SR,2,3,0.111,0.08,4
SR,2,3,0.121,0.096,4
SR,2,3,0.113,0.09,4
SR,2,3,0.125,0.108,4
SR,2,3,0.109,0.092,4
SR,2,4,0.335,0.323,1
SR,2,4,0.338,0.315,1
SR,2,4,0.292,0.272,1
SR,2,4,0.322,0.305,1
SR,2,4,0.36,0.341,1
SR,2,4,0.348,0.333,1
SR,2,4,0.242,0.221,1
SR,2,4,0.344,0.325,2
SR,2,4,0.371,0.352,2
SR,2,4,0.342,0.325,2
SR,2,4,0.336,0.319,2
SR,2,4,0.327,0.304,2
SR,2,4,0.322,0.3,2
SR,2,4,0.278,0.259,2
SR,2,4,0.315,0.297,2
SR,2,4,0.316,0.3,2
SR,2,4,0.288,0.267,2
SR,2,4,0.244,0.222,2
SR,2,4,0.219,0.199,2
SR,2,4,0.21,0.198,2
SR,2,4,0.213,0.204,3
SR,2,4,0.216,0.205,3
SR,2,4,0.201,0.191,3
SR,2,4,0.197,0.188,3
SR,2,4,0.2,0.192,3
SR,2,4,0.204,0.195,3
SR,2,4,0.197,0.187,3
SR,2,4,0.181,0.172,3
SR,2,4,0.201,0.192,3
SR,2,4,0.198,0.187,3
SR,2,4,0.221,0.209,3
SR,2,4,0.199,0.188,3
SR,2,4,0.207,0.198,3
SR,2,4,0.2,0.188,3
SR,2,4,0.198,0.182,3
SR,2,4,0.179,0.164,3
SR,2,4,0.193,0.183,3
SR,2,4,0.162,0.149,4
SR,2,4,0.192,0.183,4
SR,2,4,0.116,0.1,4
SR,2,4,0.093,0.079,4
SR,2,4,0.107,0.092,4
SR,2,4,0.09,0.077,4
SR,2,4,0.094,0.073,4
SR,2,4,0.096,0.078,4
SG,2,1,0.286,0.271,1
SG,2,1,0.29,0.28,1
SG,2,1,0.284,0.269,1
SG,2,1,0.295,0.272,1
SG,2,1,0.293,0.274,1
SG,2,1,0.276,0.261,1
SG,2,1,0.247,0.233,1
SG,2,1,0.367,0.33,2
SG,2,1,0.362,0.345,2
SG,2,1,0.345,0.325,2
SG,2,1,0.351,0.332,2
SG,2,1,0.349,0.33,2
SG,2,1,0.37,0.343,2
SG,2,1,0.344,0.32,2
SG,2,1,0.345,0.32,2
SG,2,1,0.363,0.332,2
SG,2,1,0.354,0.327,2
SG,2,1,0.243,0.213,2
SG,2,1,0.179,0.158,3
SG,2,1,0.184,0.164,3
SG,2,1,0.206,0.184,3
SG,2,1,0.228,0.202,3
SG,2,1,0.225,0.206,3
SG,2,1,0.19,0.17,3
SG,2,1,0.223,0.194,3
SG,2,1,0.218,0.197,3
SG,2,1,0.213,0.189,3
SG,2,1,0.219,0.206,3
SG,2,1,0.213,0.195,3
SG,2,1,0.13,0.12,4
SG,2,1,0.111,0.101,4
SG,2,1,0.122,0.109,4
SG,2,1,0.1,0.089,4
SG,2,1,0.107,0.098,4
SG,2,1,0.111,0.103,4
SG,2,1,0.119,0.109,4
SG,2,1,0.13,0.115,4
SG,2,1,0.116,0.108,4
SG,2,1,0.106,0.097,4
SG,2,1,0.114,0.101,4
SG,2,2,0.317,0.305,1
SG,2,2,0.336,0.319,1
SG,2,2,0.337,0.32,1
SG,2,2,0.321,0.308,1
SG,2,2,0.326,0.31,1
SG,2,2,0.225,0.204,1
SG,2,2,0.294,0.285,2
SG,2,2,0.262,0.249,2
SG,2,2,0.263,0.249,2
SG,2,2,0.273,0.258,2
SG,2,2,0.252,0.234,2
SG,2,2,0.251,0.236,2
SG,2,2,0.265,0.249,2
SG,2,2,0.266,0.253,2
SG,2,2,0.284,0.268,2
SG,2,2,0.228,0.218,3
SG,2,2,0.249,0.24,3
SG,2,2,0.239,0.231,3
SG,2,2,0.246,0.238,3
SG,2,2,0.223,0.214,3
SG,2,2,0.218,0.208,3
SG,2,2,0.23,0.219,3
SG,2,2,0.237,0.228,3
SG,2,2,0.224,0.215,3
SG,2,2,0.243,0.232,3
SG,2,2,0.224,0.216,3
SG,2,2,0.22,0.209,3
SG,2,2,0.229,0.219,3
SG,2,2,0.254,0.242,3
SG,2,2,0.183,0.171,3
SG,2,2,0.126,0.108,4
SG,2,2,0.095,0.086,4
SG,2,2,0.109,0.093,4
SG,2,2,0.094,0.083,4
SG,2,2,0.12,0.11,4
SG,2,2,0.095,0.088,4
SG,2,2,0.114,0.105,4
SG,2,2,0.09,0.083,4
SG,2,2,0.095,0.085,4
SG,2,3,0.236,0.2,1
SG,2,3,0.27,0.238,1
SG,2,3,0.272,0.242,1
SG,2,3,0.285,0.248,1
SG,2,3,0.259,0.234,1
SG,2,3,0.259,0.232,1
SG,2,3,0.291,0.244,2
SG,2,3,0.32,0.266,2
SG,2,3,0.268,0.232,2
SG,2,3,0.288,0.249,2
SG,2,3,0.284,0.253,2
SG,2,3,0.259,0.212,2
SG,2,3,0.27,0.225,2
SG,2,3,0.281,0.253,3
SG,2,3,0.284,0.25,3
SG,2,3,0.282,0.25,3
SG,2,3,0.268,0.241,3
SG,2,3,0.275,0.25,3
SG,2,3,0.271,0.243,3
SG,2,3,0.273,0.244,3
SG,2,3,0.257,0.232,3
SG,2,3,0.296,0.259,3
SG,2,3,0.216,0.186,3
SG,2,3,0.139,0.114,3
SG,2,3,0.139,0.124,4
SG,2,3,0.141,0.125,4
SG,2,3,0.119,0.105,4
SG,2,3,0.122,0.102,4
SG,2,3,0.131,0.106,4
SG,2,3,0.149,0.116,4
SG,2,3,0.14,0.115,4
SG,2,3,0.15,0.141,4
SG,2,3,0.139,0.12,4
SG,2,3,0.113,0.104,4
SG,2,3,0.139,0.12,4
SG,2,3,0.12,0.106,4
SG,2,3,0.112,0.097,4
SG,2,3,0.122,0.105,4
SG,2,3,0.109,0.083,4
SG,2,3,0.119,0.102,4
SG,2,4,0.228,0.217,1
SG,2,4,0.248,0.236,1
SG,2,4,0.27,0.259,1
SG,2,4,0.256,0.247,1
SG,2,4,0.281,0.269,1
SG,2,4,0.254,0.246,1
SG,2,4,0.263,0.253,2
SG,2,4,0.261,0.249,2
SG,2,4,0.242,0.23,2
SG,2,4,0.256,0.246,2
SG,2,4,0.25,0.238,2
SG,2,4,0.275,0.265,2
SG,2,4,0.275,0.264,2
SG,2,4,0.21,0.203,2
SG,2,4,0.135,0.127,2
SG,2,4,0.143,0.136,3
SG,2,4,0.137,0.13,3
SG,2,4,0.137,0.13,3
SG,2,4,0.173,0.162,3
SG,2,4,0.169,0.162,3
SG,2,4,0.166,0.157,3
SG,2,4,0.176,0.169,3
SG,2,4,0.168,0.161,3
SG,2,4,0.173,0.165,3
SG,2,4,0.162,0.155,3
SG,2,4,0.167,0.159,3
SG,2,4,0.168,0.16,3
SG,2,4,0.178,0.169,3
SG,2,4,0.154,0.146,3
SG,2,4,0.144,0.134,4
SG,2,4,0.096,0.08,4
SG,2,4,0.092,0.082,4
SG,2,4,0.11,0.1,4
SG,2,4,0.107,0.097,4
SG,2,4,0.123,0.112,4
SG,2,4,0.106,0.096,4
SG,2,4,0.101,0.091,4
SG,2,4,0.107,0.095,4
SG,2,4,0.103,0.092,4
SG,2,4,0.101,0.092,4
TS,2,1,0.268,0.255,1
TS,2,1,0.32,0.3,1
TS,2,1,0.334,0.312,1
TS,2,1,0.306,0.291,1
TS,2,1,0.204,0.188,1
TS,2,1,0.211,0.195,2
TS,2,1,0.216,0.203,2
TS,2,1,0.214,0.206,2
TS,2,1,0.218,0.204,2
TS,2,1,0.205,0.19,2
TS,2,1,0.192,0.184,2
TS,2,1,0.226,0.212,2
TS,2,1,0.196,0.182,2
TS,2,1,0.219,0.205,2
TS,2,1,0.102,0.093,3
TS,2,1,0.088,0.084,3
TS,2,1,0.1,0.095,3
TS,2,1,0.086,0.082,3
TS,2,1,0.101,0.096,3
TS,2,1,0.107,0.101,3
TS,2,1,0.113,0.106,3
TS,2,1,0.133,0.126,3
TS,2,1,0.128,0.123,3
TS,2,1,0.191,0.181,3
TS,2,1,0.083,0.073,3
TS,2,1,0.068,0.064,3
TS,2,1,0.116,0.101,4
TS,2,1,0.105,0.09,4
TS,2,1,0.121,0.098,4
TS,2,1,0.109,0.092,4
TS,2,1,0.102,0.093,4
TS,2,1,0.098,0.091,4
TS,2,1,0.106,0.101,4
TS,2,1,0.1,0.097,4
TS,2,1,0.108,0.103,4
TS,2,1,0.112,0.107,4
TS,2,1,0.111,0.106,4
TS,2,2,0.315,0.304,1
TS,2,2,0.34,0.33,1
TS,2,2,0.34,0.332,1
TS,2,2,0.326,0.318,1
TS,2,2,0.207,0.199,1
TS,2,2,0.216,0.208,2
TS,2,2,0.236,0.226,2
TS,2,2,0.227,0.217,2
TS,2,2,0.225,0.215,2
TS,2,2,0.216,0.21,2
TS,2,2,0.199,0.194,2
TS,2,2,0.212,0.203,2
TS,2,2,0.21,0.2,2
TS,2,2,0.221,0.213,2
TS,2,2,0.14,0.133,3
TS,2,2,0.101,0.095,3
TS,2,2,0.109,0.104,3
TS,2,2,0.104,0.099,3
TS,2,2,0.115,0.108,3
TS,2,2,0.117,0.11,3
TS,2,2,0.117,0.109,3
TS,2,2,0.117,0.112,3
TS,2,2,0.124,0.117,3
TS,2,2,0.114,0.108,3
TS,2,2,0.088,0.081,4
TS,2,2,0.078,0.074,4
TS,2,2,0.094,0.088,4
TS,2,2,0.104,0.1,4
TS,2,2,0.109,0.103,4
TS,2,2,0.101,0.096,4
TS,2,2,0.107,0.101,4
TS,2,2,0.112,0.107,4
TS,2,2,0.102,0.096,4
TS,2,2,0.097,0.092,4
TS,2,3,0.328,0.294,1
TS,2,3,0.349,0.317,1
TS,2,3,0.382,0.344,1
TS,2,3,0.311,0.277,1
TS,2,3,0.253,0.205,1
TS,2,3,0.196,0.176,2
TS,2,3,0.255,0.237,2
TS,2,3,0.27,0.246,2
TS,2,3,0.284,0.255,2
TS,2,3,0.273,0.243,2
TS,2,3,0.255,0.23,2
TS,2,3,0.221,0.195,2
TS,2,3,0.138,0.12,3
TS,2,3,0.141,0.131,3
TS,2,3,0.147,0.136,3
TS,2,3,0.15,0.138,3
TS,2,3,0.163,0.153,3
TS,2,3,0.166,0.154,3
TS,2,3,0.163,0.155,3
TS,2,3,0.161,0.147,3
TS,2,3,0.162,0.153,3
TS,2,3,0.164,0.154,3
TS,2,3,0.159,0.146,3
TS,2,3,0.235,0.223,3
TS,2,3,0.11,0.09,4
TS,2,3,0.083,0.076,4
TS,2,3,0.097,0.089,4
TS,2,3,0.103,0.096,4
TS,2,3,0.129,0.119,4
TS,2,3,0.107,0.101,4
TS,2,3,0.115,0.105,4
TS,2,3,0.104,0.095,4
TS,2,3,0.116,0.104,4
TS,2,3,0.117,0.104,4
TS,2,3,0.115,0.105,4
TS,2,3,0.117,0.107,4
TS,2,3,0.109,0.1,4
TS,2,3,0.118,0.108,4
TS,2,3,0.133,0.123,4
TS,2,4,0.332,0.33,1
TS,2,4,0.33,0.325,1
TS,2,4,0.346,0.341,1
TS,2,4,0.334,0.329,1
TS,2,4,0.212,0.209,1
TS,2,4,0.269,0.265,2
TS,2,4,0.247,0.241,2
TS,2,4,0.225,0.218,2
TS,2,4,0.212,0.207,2
TS,2,4,0.215,0.207,2
TS,2,4,0.202,0.195,2
TS,2,4,0.177,0.169,2
TS,2,4,0.186,0.178,2
TS,2,4,0.213,0.206,2
TS,2,4,0.112,0.105,3
TS,2,4,0.11,0.106,3
TS,2,4,0.12,0.115,3
TS,2,4,0.112,0.107,3
TS,2,4,0.127,0.123,3
TS,2,4,0.113,0.108,3
TS,2,4,0.131,0.126,3
TS,2,4,0.121,0.116,3
TS,2,4,0.114,0.11,3
TS,2,4,0.114,0.11,3
TS,2,4,0.122,0.118,3
TS,2,4,0.121,0.117,3
TS,2,4,0.123,0.118,3
TS,2,4,0.097,0.091,4
TS,2,4,0.085,0.081,4
TS,2,4,0.102,0.098,4
TS,2,4,0.107,0.101,4
TS,2,4,0.099,0.094,4
TS,2,4,0.108,0.104,4
TS,2,4,0.115,0.111,4
TS,2,4,0.103,0.099,4
TS,2,4,0.112,0.107,4
TS,2,4,0.114,0.109,4
TS,2,4,0.108,0.104,4
TS,2,4,0.104,0.1,4
TS,2,4,0.114,0.11,4