sub,POA,token,syll_dur,v_dur,Av,Ahi,max23,Av.Ahi,Av.max23
5,3,246,0.0951,0.6,33.3,14.1,24.7,19.2,8.6
5,3,243,0.0926,0.6,23.3,4.8,13.5,18.5,9.8
5,3,267,0.0103,0.0701,35.3,10.5,25.2,24.8,10.1
2,3,52,0.1874,0.1427,3.7,-26.9,-6.5,30.6,10.2
3,3,14,0.2886,0.221,16.9,1.2,6.7,15.7,10.2
3,3,36,0.2793,0.194,13.7,-5.6,3.4,19.3,10.3
2,3,72,0.0429,0.0348,6.2,-19.7,-4.2,25.9,10.4
5,3,226,0.153,0.1177,25.8,8,15.2,17.8,10.6
1,3,1,0.4817,0.3758,30.2,9.6,19.5,20.6,10.7
3,3,22,0.2855,0.1905,13.8,0.06,3.1,13.74,10.7
2,1,2,0.6461,0.4847,22.5,1.9,11.6,20.6,10.9
2,1,60,0.1144,0.0404,-1.7,-21.3,-12.6,19.6,10.9
1,3,55,0.1052,0.0679,30.9,-2.5,19.6,33.4,11.3
5,2,149,0.0705,0.0414,23.4,13.1,12.1,10.3,11.3
2,2,34,0.219,0.1327,9.5,-22.9,-1.8,32.4,11.3
2,2,75,0.1671,0.1019,-0.09,-9.4,-11.4,9.31,11.31
3,3,39,0.3127,0.2282,13.3,-10.6,1.9,23.9,11.4
2,3,1,0.5765,0.426,24.4,6,12.9,18.4,11.5
2,1,16,0.2987,0.2164,13.5,-10.1,2,23.6,11.5
2,2,6,0.5221,0.3979,16.7,-6.8,5,23.5,11.7
3,3,46,0.2878,0.1872,13.1,-10.8,1.3,23.9,11.8
5,3,268,0.1034,0.0584,26.7,6.3,14.7,20.4,12
2,2,78,0.1974,0.1237,2.6,-21.8,-9.7,24.4,12.3
5,3,233,0.0868,0.0584,39.7,0.5,27.4,39.2,12.3
2,1,48,0.2082,0.117,5.9,-25.2,-6.6,31.1,12.5
3,1,26,0.2469,0.1627,16.7,3.1,4.2,13.6,12.5
5,3,224,0.1481,0.1069,22.1,3.7,9.6,18.4,12.5
5,2,152,0.0675,0.0515,32.4,11.2,19.8,21.2,12.6
6,3,252,0.0786,0.0397,31.3,-8.3,18.7,39.6,12.6
1,3,73,0.0933,0.0593,26.9,-1.9,14.1,28.8,12.8
3,1,1,0.2936,0.2189,27.2,12.3,14.4,14.9,12.8
2,3,56,0.222,0.1443,5.4,-29.6,-7.4,35,12.8
3,3,47,0.3282,0.2275,16.6,-3.1,3.8,19.7,12.8
5,3,222,0.155,0.1206,30.2,5.2,17.4,25,12.8
2,2,42,0.233,0.1465,10.6,-24.2,-2.3,34.8,12.9
3,3,57,0.3346,0.2475,14.4,-10.2,1.5,24.6,12.9
6,2,126,0.1655,0.0768,20.4,-7.8,7.3,28.2,13.1
5,2,145,0.0634,0.039,29.6,16.5,16.5,13.1,13.1
1,3,70,0.1067,0.0752,31.2,0.5,18,30.7,13.2
2,3,42,0.1539,0.0989,5.6,-22.9,-7.7,28.5,13.3
2,2,44,0.2517,0.1646,11,-26.5,-2.3,37.5,13.3
2,1,47,0.1727,0.105,4.6,-25.2,-8.8,29.8,13.4
2,2,70,0.1682,0.0728,7.1,-16.6,-6.4,23.7,13.5
5,2,174,0.0657,0.0468,37.1,21,23.6,16.1,13.5
2,2,35,0.2314,0.1123,8.2,-21.8,-5.4,30,13.6
2,3,20,0.3211,0.2111,13.8,-20.2,0.2,34,13.6
5,3,209,0.207,0.1403,25.8,6.5,12.2,19.3,13.6
5,3,256,0.0834,0.0575,42.3,18.6,28.5,23.7,13.8
5,3,203,0.1912,0.1579,34.3,7.8,20.4,26.5,13.9
2,1,4,0.5246,0.3957,17.5,-4.8,3.6,22.3,13.9
5,3,240,0.106,0.0809,32.2,4.9,18.3,27.3,13.9
3,3,42,0.2907,0.1912,11.6,-10.1,-2.4,21.7,14
1,3,48,0.0941,0.0635,33.3,-1.6,19.2,34.9,14.1
5,2,147,0.0746,0.0426,28.4,19.9,14.3,8.5,14.1
1,3,16,0.1791,0.149,31,-1.2,16.8,32.2,14.2
2,2,43,0.2293,0.1515,6.4,-30.2,-7.8,36.6,14.2
6,2,127,0.1627,0.0853,27.4,-3.2,13.2,30.6,14.2
6,3,208,0.3405,0.2312,29.9,-6.1,15.7,36,14.2
2,2,22,0.3256,0.2267,12.8,-4.4,-1.4,17.2,14.2
2,2,37,0.2077,0.1201,10.3,-23.6,-3.9,33.9,14.2
5,3,216,0.156,0.1128,25.8,-0.6,11.6,26.4,14.2
1,3,47,0.1049,0.0727,32.7,5.4,18.5,27.3,14.2
5,3,220,0.1462,0.1177,29.2,1.9,14.9,27.3,14.3
2,3,47,0.1414,0.1059,6.9,-26.7,-7.4,33.6,14.3
5,3,258,0.0993,0.054,40.1,18.1,25.8,22,14.3
3,2,2,0.4474,0.344,21.9,3.1,7.4,18.8,14.5
2,3,41,0.181,0.0913,13.6,-12,-0.9,25.6,14.5
2,3,50,0.1736,0.0837,5.3,-25.8,-9.2,31.1,14.5
2,2,19,0.3538,0.259,11.3,-18,-3.2,29.3,14.5
2,3,40,0.201,0.1014,15.5,-17.4,0.9,32.9,14.6
2,2,2,0.6574,0.5008,22,-3.2,7.4,25.2,14.6
2,2,39,0.2022,0.1139,7,-24.5,-7.6,31.5,14.6
5,3,225,0.1324,0.099,27,1.2,12.4,25.8,14.6
3,3,58,0.3185,0.2481,18.6,-6.6,4,25.2,14.6
2,2,33,0.1804,0.1014,13.2,-18.6,-1.5,31.8,14.7
2,2,36,0.2221,0.1275,8,-23.2,-6.7,31.2,14.7
2,2,38,0.2013,0.1192,7.2,-22.9,-7.5,30.1,14.7
3,2,82,0.1896,0.1572,22.6,7.9,7.9,14.7,14.7
3,3,10,0.5035,0.391,21.3,5.9,6.6,15.4,14.7
5,3,218,0.1864,0.155,29.1,-0.9,14.3,30,14.8
1,3,40,0.1556,0.0967,25.7,-7.8,10.8,33.5,14.9
6,2,112,0.3034,0.2298,30.2,-1.4,15.3,31.6,14.9
1,1,5,0.4254,0.3333,29.3,5.2,14.3,24.1,15
1,1,19,0.2767,0.1894,23.7,3.8,8.7,19.9,15
2,1,9,0.4835,0.3668,16.5,-6,1.5,22.5,15
3,3,23,0.3089,0.2031,16.2,2,1.2,14.2,15
2,3,29,0.3095,0.201,10.2,-27.1,-4.9,37.3,15.1
5,3,244,0.1151,0.0751,34.8,3.7,19.6,31.1,15.2
2,1,1,0.6519,0.5137,24.2,2.4,9,21.8,15.2
5,2,146,0.0936,0.0574,24.6,18,9.4,6.6,15.2
6,3,248,0.1138,0.0453,29.4,-11.2,14.1,40.6,15.3
2,1,10,0.4512,0.3453,15,-6.7,-0.3,21.7,15.3
2,1,68,0.12,0.1005,7,-15.1,-8.5,22.1,15.5
5,3,214,0.1668,0.1089,27.2,2.3,11.7,24.9,15.5
6,2,133,0.1654,0.0845,27.1,-4.6,11.6,31.7,15.5
1,3,6,0.4922,0.3935,28.2,1.8,12.6,26.4,15.6
1,2,47,0.1028,0.0634,30.7,15.4,15.1,15.3,15.6
2,1,6,0.4952,0.3786,13.9,-13.5,-1.7,27.4,15.6
5,3,238,0.1076,0.0759,32.3,6.8,16.5,25.5,15.8
1,3,13,0.2072,0.1598,31.9,-2.1,16,34,15.9
2,2,41,0.228,0.1282,7.8,-24.5,-8.1,32.3,15.9
6,3,227,0.1087,0.0671,24.7,-10.7,8.8,35.4,15.9
5,3,212,0.1589,0.1148,29.3,-2.3,13.4,31.6,15.9
1,1,7,0.4423,0.3161,26.6,8.8,10.7,17.8,15.9
5,3,250,0.0859,0.056,33.8,4.5,17.8,29.3,16
2,3,8,0.4811,0.3588,19.1,-12.2,3.1,31.3,16
3,3,15,0.3279,0.2105,22.8,0.7,6.8,22.1,16
6,2,114,0.2929,0.2067,28.9,-3.6,12.8,32.5,16.1
1,2,22,0.1595,0.1231,31.6,15.4,15.5,16.2,16.1
1,1,8,0.41,0.2861,24,6.2,7.9,17.8,16.1
2,3,6,0.4646,0.3272,17.8,-9.4,1.7,27.2,16.1
1,3,15,0.208,0.1537,29.9,-6.3,13.7,36.2,16.2
2,2,1,0.06638,0.4886,22.2,-0.5,5.9,22.7,16.3
3,3,9,0.4915,0.3998,24.4,5.3,8.1,19.1,16.3
6,3,251,0.0844,0.0332,27.2,-6.8,10.9,34,16.3
2,3,32,0.1204,0.0122,6.7,-28.5,-9.6,35.2,16.3
2,1,3,0.581,0.4122,22.1,-1.2,5.8,23.3,16.3
2,1,7,0.5417,0.4196,16.2,-5.3,-0.1,21.5,16.3
5,1,86,0.0816,0.578,32.1,15.1,15.8,17,16.3
1,3,62,0.0959,0.0698,31.4,-1.5,15,32.9,16.4
2,3,54,0.1902,0.1396,1.4,-27.5,-15,28.9,16.4
2,1,13,0.3103,0.2052,18.8,-3.9,2.4,22.7,16.4
1,3,8,0.4035,0.3166,27.9,5,11.4,22.9,16.5
1,2,19,0.1744,0.0579,33.6,4.6,17.1,29,16.5
1,2,23,0.1493,0.1187,28.6,5.5,12.1,23.1,16.5
2,1,12,0.3247,0.2003,23.9,-7,7.4,30.9,16.5
3,3,7,0.4759,0.3887,22.6,8.9,6.1,13.7,16.5
3,3,18,0.2782,0.2079,18,-0.9,1.5,18.9,16.5
6,2,105,0.2729,0.1918,30.9,-3.6,14.4,34.5,16.5
6,3,226,0.136,0.0692,28.6,-8,12.1,36.6,16.5
2,3,88,0.1446,0.0964,6,-33.5,-10.6,39.5,16.6
3,3,13,0.3177,0.2195,23,7.1,6.4,15.9,16.6
5,3,230,0.0869,0.567,41,6.8,24.4,34.2,16.6
2,2,76,0.1821,0.1577,5.2,-16.8,-11.5,22,16.7
3,3,30,0.2877,0.1862,19.4,-1.4,2.7,20.8,16.7
6,3,221,0.2946,0.1919,28.5,-6,11.8,34.5,16.7
3,3,27,0.3226,0.2347,20.4,-2.1,3.6,22.5,16.8
1,3,37,0.1498,0.1032,28.3,-4.7,11.4,33,16.9
1,3,36,0.1483,0.1093,29.6,-2,12.7,31.6,16.9
1,3,60,0.1052,0.0787,32.7,7.8,15.8,24.9,16.9
3,3,49,0.2963,0.2052,18.8,-3.4,1.9,22.2,16.9
2,1,18,0.3284,0.2482,15.1,-20.4,-1.9,35.5,17
3,3,50,0.268,0.1899,15.9,-6,-1.1,21.9,17
6,3,246,0.132,0.0635,26.2,-10.7,9.2,36.9,17
2,2,4,0.5451,0.42,17,-16.9,-0.01,33.9,17.01
1,3,12,0.1864,0.1553,30.4,-2.8,13.3,33.2,17.1
1,2,16,0.3679,0.2532,24.9,-4.1,7.8,29,17.1
1,2,25,0.1791,0.1305,29.4,15,12.3,14.4,17.1
2,3,7,0.4774,0.3558,18.9,-13.2,1.8,32.1,17.1
2,1,15,0.3046,0.2165,19.4,-5.8,2.3,25.2,17.1
3,3,3,0.4449,0.3499,19.4,0.9,2.3,18.5,17.1
2,3,11,0.4882,0.3526,13.4,-14.4,-3.7,27.8,17.1
5,2,176,0.0693,0.0497,40.1,21.8,23,18.3,17.1
5,3,208,0.205,0.1648,28.6,9.3,11.5,19.3,17.1
1,3,65,0.099,0.0731,31.2,-0.9,14,32.1,17.2
2,3,14,0.4817,0.3423,10.2,-18.1,-7.1,28.3,17.3
3,3,33,0.2684,0.1934,17.5,0.3,0.2,17.2,17.3
6,2,118,0.2082,0.126,31.1,-1.8,13.8,32.9,17.3
1,1,3,0.3939,0.3114,28.9,4.5,11.5,24.4,17.4
3,2,65,0.2861,0.2456,17.5,-0.3,0.1,17.8,17.4
1,1,13,0.2746,0.1862,27,-1.5,9.5,28.5,17.5
2,3,81,0.139,0.0859,7.8,-27.4,-9.7,35.2,17.5
2,3,83,0.1566,0.0977,6,-25.1,-11.5,31.1,17.5
2,2,25,0.3832,0.2611,12.8,-21.8,-4.7,34.6,17.5
5,2,137,0.1303,0.0966,14,5.8,-3.5,8.2,17.5
5,3,204,0.2139,0.1726,32.6,10.6,15.1,22,17.5
6,2,139,0.1689,0.086,27.4,-6,9.8,33.4,17.6
1,3,71,0.1039,0.0675,30.3,5.6,12.7,24.7,17.6
1,2,58,0.1119,0.067,29.7,17.3,12.1,12.4,17.6
2,1,14,0.3212,0.2233,16.8,-1.4,-0.8,18.2,17.6
6,2,110,0.0314,0.223,31.1,3.9,13.5,27.2,17.6
1,3,67,0.0957,0.0672,30.7,0.2,12.9,30.5,17.8
3,3,41,0.3016,0.1943,14.2,-14.4,-3.6,28.6,17.8
3,3,48,0.3054,0.2096,17.7,-4.4,-0.1,22.1,17.8
5,3,207,0.1893,0.1481,29.5,7.2,11.7,22.3,17.8
6,3,228,0.1275,0.071,28.8,-9,11,37.8,17.8
2,3,80,0.1602,0.1101,8.1,-23,-9.8,31.1,17.9
2,3,82,0.1731,0.1263,9.4,-29,-8.5,38.4,17.9
6,2,128,0.1684,0.0913,28.7,-9.2,10.8,37.9,17.9
2,3,4,0.4776,0.3524,20.6,-6.3,2.7,26.9,17.9
2,3,23,0.3657,0.2483,14.6,-15.4,-3.4,30,18
6,2,109,0.2925,0.2093,31.3,3.7,13.3,27.6,18
1,2,7,0.5102,0.3947,26.3,3,8.2,23.3,18.1
2,3,3,0.5046,0.3695,23.6,-8.3,5.5,31.9,18.1
2,3,22,0.3366,0.2237,13.4,-20,-4.7,33.4,18.1
2,3,43,0.2143,0.118,12.4,-25.6,-5.7,38,18.1
3,2,106,0.2143,0.1403,21.6,-11.1,3.5,32.7,18.1
6,2,142,0.1169,0.0514,29.1,-4.9,11,34,18.1
5,3,213,0.1825,0.1,33.3,6.4,15.1,26.9,18.2
1,3,44,0.0885,0.0524,30,-0.4,11.8,30.4,18.2
2,3,77,0.125,0.0702,9.7,-24,-8.5,33.7,18.2
2,1,21,0.2798,0.1892,16.4,-13,-1.8,29.4,18.2
3,3,11,0.4819,0.3811,18.4,4.4,0.2,14,18.2
6,3,209,0.2089,0.152,33.9,0.4,15.7,33.5,18.2
6,2,138,0.1306,0.0751,25.6,-7.5,7.4,33.1,18.2
2,3,12,0.4554,0.3247,13.7,-20,-4.6,33.7,18.3
3,3,54,0.3207,0.2108,15.8,-7,-2.5,22.8,18.3
1,3,58,0.0883,0.0634,31.3,-2.9,12.9,34.2,18.4
2,3,58,0.2606,0.2005,6.2,-31.4,-12.2,37.6,18.4
2,3,84,0.1412,0.0936,6.4,-32.1,-12,38.5,18.4
2,1,11,0.2735,0.146,29.7,1.8,11.3,27.9,18.4
1,1,11,0.2684,0.188,28.2,0.7,9.7,27.5,18.5
3,3,6,0.4368,0.3641,18.9,5.6,0.4,13.3,18.5
6,2,134,0.1634,0.0871,27.7,-6,9.2,33.7,18.5
6,2,113,0.2943,0.2151,26.9,0,8.3,26.9,18.6
1,2,43,0.0749,0.0517,32.1,17.7,13.5,14.4,18.6
1,2,49,0.0856,0.0633,29,6.4,10.4,22.6,18.6
2,3,48,0.1772,0.1268,7.3,-25.1,-11.3,32.4,18.6
2,2,20,0.3573,0.2304,13.2,-22.1,-5.4,35.3,18.6
1,3,3,0.5073,0.384,29.4,8.4,10.7,21,18.7
1,2,13,0.3449,0.2668,28.9,-2.8,10.2,31.7,18.7
2,3,34,0.1474,0.1108,20.5,-11.3,1.8,31.8,18.7
2,2,21,0.3441,0.2507,14.4,-19.8,-4.3,34.2,18.7
2,2,27,0.2929,0.1999,11.1,-21,-7.6,32.1,18.7
6,2,123,0.1591,0.0752,26,-8.3,7.3,34.3,18.7
6,3,215,0.2622,0.1834,29.2,-9.3,10.5,38.5,18.7
5,3,254,0.1443,0.111,39,3.7,20.2,35.3,18.8
6,3,200,0.3656,0.2524,33.1,-5.1,14.3,38.2,18.8
1,3,21,0.1689,0.1143,27.4,-7.7,8.5,35.1,18.9
1,2,4,0.5424,0.4231,26.8,4.2,7.9,22.6,18.9
2,3,30,0.2499,0.1761,13.3,-29.5,-5.6,42.8,18.9
2,2,7,0.5352,0.4197,17.9,-14,-1,31.9,18.9
2,2,49,0.1972,0.1328,8.9,-29.8,-10,38.7,18.9
5,3,201,0.1874,0.154,34.5,11.3,15.6,23.2,18.9
5,3,252,0.106,0.065,36.5,5.9,17.6,30.6,18.9
3,3,17,0.2988,0.2152,21.8,2.4,2.9,19.4,18.9
1,3,52,0.0991,0.0595,28.8,-2.9,9.8,31.7,19
2,2,80,0.232,0.1118,5.4,-22.6,-13.6,28,19
3,3,51,0.2898,0.2089,15.1,-0.9,-3.9,16,19
6,3,222,0.1254,0.0586,31.4,-5.2,12.4,36.6,19
5,3,266,0.0776,0.056,35.3,2.6,16.2,32.7,19.1
1,3,72,0.1048,0.0737,30.1,0.5,11,29.6,19.1
1,2,1,0.4741,0.3353,33.2,12.9,14.1,20.3,19.1
1,2,14,0.3356,0.2828,27.7,12,8.6,15.7,19.1
2,3,18,0.3377,0.2262,18.3,-17.2,-0.8,35.5,19.1
3,2,1,0.3891,0.2942,28,4.3,8.9,23.7,19.1
3,3,1,0.4135,0.3246,25.8,6.7,6.7,19.1,19.1
6,2,115,0.2956,0.2106,31.6,-1.2,12.5,32.8,19.1
6,2,129,0.158,0.0783,26,-8.5,6.9,34.5,19.1
6,2,130,0.1667,0.0616,25,-9.2,5.9,34.2,19.1
1,3,61,0.0838,0.061,32.3,5.8,13.1,26.5,19.2
2,3,5,0.5036,0.3567,21.2,-8,2,29.2,19.2
3,3,53,0.2874,0.2079,18.3,-13.2,-0.9,31.5,19.2
6,3,212,0.2501,0.1728,33,-7.4,13.8,40.4,19.2
2,3,10,0.4651,0.3448,17.9,-14.3,-1.4,32.2,19.3
5,2,186,0.0651,0.0515,40.4,11.3,21.1,29.1,19.3
1,3,31,0.1761,0.1176,27.1,-4.7,7.8,31.8,19.3
1,2,8,0.4402,0.3338,29,0.9,9.7,28.1,19.3
2,3,19,0.3192,0.2395,22.1,-17.1,2.8,39.2,19.3
2,3,57,0.2161,0.1354,12.4,-24.2,-6.9,36.6,19.3
2,2,10,0.5657,0.4274,16.5,-13.5,-2.8,30,19.3
1,3,53,0.0783,0.0571,31.4,-3.4,12,34.8,19.4
2,3,73,0.1238,0.0734,10.8,-25,-8.6,35.8,19.4
3,3,34,0.2693,0.1783,22,3.9,2.6,18.1,19.4
3,3,40,0.287,0.1994,18,-7,-1.4,25,19.4
6,3,238,0.1303,0.0742,30.6,-9.9,11.2,40.5,19.4
1,3,69,0.0948,0.0661,29.1,-0.05,9.6,29.15,19.5
1,3,77,0.145,0.0915,30.3,-11.2,10.8,41.5,19.5
1,1,26,0.1275,0.0956,25.1,-1.3,5.6,26.4,19.5
2,3,25,0.3527,0.2492,14.9,-20.1,-4.6,35,19.5
3,2,4,0.4583,0.3476,24.5,5.1,5,19.4,19.5
3,3,32,0.307,0.2119,22.9,-2.2,3.4,25.1,19.5
6,3,223,0.113,0.0608,27.4,-5.5,7.9,32.9,19.5
1,3,66,0.0871,0.0587,28.2,-1.5,8.6,29.7,19.6
2,1,8,0.4848,0.3593,18.6,-8.7,-1,27.3,19.6
5,2,185,0.0847,0.0485,39.1,12.4,19.5,26.7,19.6
5,3,221,0.1383,0.104,32,2.1,12.4,29.9,19.6
1,2,18,0.3907,0.3261,27.9,4.5,8.2,23.4,19.7
2,3,87,0.1078,0.0774,5.8,-32.2,-13.9,38,19.7
6,3,230,0.1237,0.0696,27,-8.7,7.3,35.7,19.7
5,3,249,0.0926,0.0575,36.2,4.3,16.5,31.9,19.7
1,3,54,0.0997,0.0644,29.9,-3.5,10.1,33.4,19.8
1,1,15,0.2799,0.1859,26.9,0.03,7.1,26.87,19.8
2,1,61,0.1036,0.0753,-5.6,-32.2,-25.4,26.6,19.8
3,3,21,0.2852,0.1887,25.4,-1.3,5.6,26.7,19.8
6,3,250,0.2073,0.1485,31.2,-8.5,11.4,39.7,19.8
2,3,39,0.1996,0.0984,14.3,-24,-5.5,38.3,19.8
2,3,69,0.1107,0.0777,8.9,-29.2,-10.9,38.1,19.8
2,2,40,0.2104,0.1257,11.3,-27.7,-8.5,39,19.8
2,2,79,0.1645,0.1173,-0.2,-27.8,-20,27.6,19.8
3,1,24,0.2596,0.1748,18.7,4.8,-1.1,13.9,19.8
1,3,11,0.1846,0.1511,30.9,-2.1,11,33,19.9
2,3,85,0.1515,0.1037,9.3,-33,-10.6,42.3,19.9
2,1,38,0.18,0.1055,14.6,-18,-5.3,32.6,19.9
3,2,97,0.2053,0.1237,22.4,-2.7,2.5,25.1,19.9
1,3,26,0.1165,0.078,31.6,-4,11.7,35.6,19.9
2,1,29,0.1363,0.09,28.1,1.9,8.2,26.2,19.9
5,3,200,0.2197,0.1785,34.1,8.5,14.2,25.6,19.9
1,1,6,0.4475,0.3417,29.6,13.7,9.6,15.9,20
2,2,48,0.279,0.1425,10.5,-28.3,-9.5,38.8,20
5,2,123,0.1297,0.1078,18.5,3.2,-1.5,15.3,20
6,3,216,0.2612,0.1813,34,-3.9,14,37.9,20
3,2,11,0.3738,0.2612,25.9,9.6,5.8,16.3,20.1
1,2,5,0.5203,0.4067,27.5,3.5,7.4,24,20.1
6,1,10,0.3565,0.273,35.5,6.1,15.4,29.4,20.1
5,3,251,0.0884,0.0651,35.9,3.8,15.7,32.1,20.2
6,3,207,0.3341,0.2472,31.9,1.5,11.7,30.4,20.2
1,3,49,0.1058,0.071,33.1,4.4,12.9,28.7,20.2
5,3,202,0.2021,0.167,33.2,8.1,13,25.1,20.2
5,3,234,0.1026,0.0734,39.3,6.1,19,33.2,20.3
6,2,125,0.1611,0.0881,27.9,-8.6,7.6,36.5,20.3
1,1,64,0.0669,0.0488,22.2,2.4,1.9,19.8,20.3
2,3,28,0.3341,0.2195,14,-20.8,-6.3,34.8,20.3
3,2,29,0.2967,0.2054,23.1,0.5,2.8,22.6,20.3
3,2,36,0.2878,0.1956,19.6,2.7,-0.7,16.9,20.3
2,3,27,0.3607,0.2472,12.8,-25.4,-7.6,38.2,20.4
3,2,95,0.1998,0.1256,21.4,9.6,1,11.8,20.4
3,3,43,0.3258,0.2192,16.7,-12.6,-3.7,29.3,20.4
5,3,215,0.152,0.1167,32.5,5.6,12.1,26.9,20.4
1,3,74,0.1645,0.1245,31.6,0.9,11.2,30.7,20.4
2,3,38,0.1719,0.1186,18.3,-19.9,-2.1,38.2,20.4
3,1,67,0.2495,0.1615,27.1,-11.9,6.7,39,20.4
1,1,24,0.1479,0.125,24.5,-3.6,4,28.1,20.5
2,1,46,0.1779,0.1364,9,-25.5,-11.5,34.5,20.5
3,1,85,0.093,0.0709,18.9,-16.4,-1.6,35.3,20.5
3,3,29,0.2991,0.211,21.5,-3.4,1,24.9,20.5
5,2,193,0.0823,0.0426,36.4,22.9,15.9,13.5,20.5
5,3,228,0.1275,0.0892,29.6,2.8,9.1,26.8,20.5
5,3,236,0.1101,0.0776,36.1,3.8,15.6,32.3,20.5
1,3,5,0.4438,0.36,31.9,3.3,11.3,28.6,20.6
3,3,31,0.2757,0.1856,23.9,1.4,3.3,22.5,20.6
5,3,255,0.1869,0.0918,38.8,10.3,18.2,28.5,20.6
2,3,24,0.3563,0.2619,16.5,-22.8,-4.1,39.3,20.6
2,1,19,0.2906,0.2068,16,-13.9,-4.6,29.9,20.6
3,1,54,0.2445,0.1682,26.3,-9,5.7,35.3,20.6
6,3,204,0.3401,0.2483,34.2,0.3,13.6,33.9,20.6
1,2,6,0.5068,0.3962,26.2,-4.1,5.5,30.3,20.7
2,3,9,0.433,0.3259,14.1,-19.3,-6.6,33.4,20.7
3,3,16,0.2729,0.2097,25.9,-0.7,5.2,26.6,20.7
6,3,218,0.2346,0.1583,29.7,-6.4,9,36.1,20.7
1,3,43,0.1773,0.1399,31.1,-5.7,10.4,36.8,20.7
1,1,35,0.1441,0.1027,26.6,-2.9,5.9,29.5,20.7
3,1,93,0.1869,0.1083,19.4,1,-1.4,18.4,20.8
3,2,38,0.2773,0.1984,24.4,1.9,3.6,22.5,20.8
2,2,32,0.188,0.1178,17.7,-17.1,-3.1,34.8,20.8
3,3,2,0.4073,0.3297,23.8,2.4,3,21.4,20.8
6,2,137,0.1589,0.0912,29,-10.4,8.2,39.4,20.8
1,1,9,0.2821,0.1565,29.8,3.4,8.9,26.4,20.9
2,3,78,0.1306,0.0901,10.4,-26.9,-10.5,37.3,20.9
1,3,14,0.1803,0.1405,29.3,-3.5,8.3,32.8,21
1,1,10,0.2816,0.181,31.4,8.1,10.4,23.3,21
1,1,20,0.1737,0.0976,34.9,5.3,13.9,29.6,21
3,2,81,0.1432,0.1147,22,4.5,1,17.5,21
3,2,86,0.2034,0.1189,21.5,-2.8,0.5,24.3,21
6,2,116,0.2878,0.21,30.7,0.1,9.7,30.6,21
5,3,217,0.1334,0.0657,33.2,3.8,12.2,29.4,21
1,3,10,0.2244,0.167,33.3,-3.7,12.2,37,21.1
6,1,54,0.2159,0.1585,32.9,-5.8,11.8,38.7,21.1
1,2,29,0.1519,0.1089,27.7,36,6.6,-8.3,21.1
3,1,2,0.3048,0.2322,31.1,3.6,10,27.5,21.1
3,2,55,0.2966,0.2247,25.3,-9.9,4.2,35.2,21.1
3,3,35,0.2417,0.1567,26.5,9.6,5.4,16.9,21.1
2,1,22,0.2788,0.2081,15.2,-21.7,-6,36.9,21.2
2,3,45,0.1939,0.1185,13.3,-22.3,-7.9,35.6,21.2
2,2,3,0.615,0.4762,18.6,-7.2,-2.6,25.8,21.2
1,2,10,0.3865,0.3033,30.9,1.1,9.6,29.8,21.3
1,1,16,0.2861,0.2009,28.7,0.9,7.4,27.8,21.3
5,3,264,0.111,0.0993,27.9,-16.1,6.6,44,21.3
5,2,172,0.1517,0.1327,31.5,18.8,10.2,12.7,21.3
6,3,214,0.2581,0.1745,33.6,-6.5,12.3,40.1,21.3
1,3,76,0.1444,0.1123,30.8,-10.2,9.4,41,21.4
2,2,28,0.3086,0.2192,11.9,-17.3,-9.5,29.2,21.4
3,2,21,0.2986,0.2119,24,-0.7,2.6,24.7,21.4
6,1,2,0.3249,0.2528,35.5,-0.5,14.1,36,21.4
6,2,121,0.1646,0.1044,29,-9.8,7.6,38.8,21.4
2,3,37,0.1501,0.0853,19.2,-18.1,-2.3,37.3,21.5
3,1,63,0.2608,0.193,26.2,-2.3,4.7,28.5,21.5
6,2,111,0.3011,0.2185,30.1,-0.5,8.6,30.6,21.5
6,2,135,0.141,0.0693,26.2,-8.3,4.7,34.5,21.5
6,2,144,0.1165,0.0654,26.6,-9.8,5.1,36.4,21.5
2,1,52,0.0823,0.0394,22.4,-7.5,0.8,29.9,21.6
1,3,63,0.0975,0.0724,31.6,0.008,10,31.592,21.6
1,3,79,0.1254,0.0892,30.3,-11,8.7,41.3,21.6
1,2,26,0.1427,0.1185,29.7,6,8.1,23.7,21.6
3,2,8,0.4472,0.3572,26.3,5.7,4.7,20.6,21.6
3,2,13,0.3413,0.2615,26.5,5.6,4.9,20.9,21.6
6,2,131,0.153,0.0854,28.3,-7.2,6.7,35.5,21.6
1,3,30,0.1753,0.1339,32.8,-9.2,11.1,42,21.7
1,3,78,0.1281,0.0931,29.4,-8.7,7.7,38.1,21.7
2,2,26,0.3409,0.2673,20.5,-18.2,-1.2,38.7,21.7
2,1,20,0.2923,0.2134,17.4,-13.8,-4.3,31.2,21.7
3,3,4,0.4035,0.3066,21.2,0.7,-0.5,20.5,21.7
6,3,242,0.1435,0.0748,30.2,-1.1,8.5,31.3,21.7
1,3,19,0.1863,0.1495,31.1,-5.7,9.4,36.8,21.7
1,2,44,0.0964,0.0762,36.6,18.7,14.9,17.9,21.7
3,2,79,0.1596,0.1143,25.1,12.6,3.4,12.5,21.7
5,3,232,0.0909,0.0684,45.6,8,23.9,37.6,21.7
6,3,206,0.3427,0.2512,34.2,-3.2,12.5,37.4,21.7
1,3,41,0.1633,0.1053,27.4,-9.6,5.6,37,21.8
2,3,70,0.1151,0.0934,17.9,-17.3,-3.9,35.2,21.8
5,2,192,0.034,0.042,33.4,19,11.6,14.4,21.8
5,3,231,0.0792,0.0617,39.3,0.9,17.5,38.4,21.8
6,2,158,0.1129,0.067,26.2,-9.5,4.4,35.7,21.8
2,3,36,0.1606,0.091,21.2,-20.3,-0.6,41.5,21.8
2,2,77,0.169,0.0906,11.5,-19,-10.3,30.5,21.8
3,2,60,0.3078,0.2245,26.8,-6.6,5,33.4,21.8
6,3,203,0.0321,0.2317,33,2.2,11.2,30.8,21.8
1,2,36,0.1354,0.1102,30.4,4.7,8.5,25.7,21.9
1,1,71,0.0724,0.0538,29.7,0.7,7.8,29,21.9
3,1,42,0.202,0.1535,24.2,-14.4,2.3,38.6,21.9
2,2,14,0.3167,0.2071,21.1,-10.1,-0.8,31.2,21.9
5,2,153,0.0728,0.0527,33.1,18,11.2,15.1,21.9
2,2,12,0.3369,0.1732,23.9,-2.8,1.9,26.7,22
2,2,55,0.1591,0.1179,21.3,-2.4,-0.7,23.7,22
5,3,265,0.0909,0.0626,40.4,2.2,18.4,38.2,22
1,3,7,0.4649,0.359,30.6,-4.8,8.5,35.4,22.1
2,3,33,0.2045,0.098,27.8,-2.8,5.7,30.6,22.1
2,2,8,0.533,0.4343,17.2,-17.9,-4.9,35.1,22.1
2,2,65,0.1483,0.0847,11,-26.4,-11.1,37.4,22.1
3,1,89,0.1254,0.1029,17.5,-4.6,-4.6,22.1,22.1
3,1,91,0.1714,0.101,21.8,-2.7,-0.3,24.5,22.1
3,2,28,0.2986,0.1956,21.5,-2.7,-0.6,24.2,22.1
1,1,12,0.2592,0.1758,30,-3.7,7.8,33.7,22.2
2,1,17,0.2785,0.1985,14.9,-8.7,-7.3,23.6,22.2
3,2,17,0.3105,0.2247,25.3,0.2,3.1,25.1,22.2
6,3,232,0.12,0.071,26.4,-9.2,4.2,35.6,22.2
6,3,236,0.1312,0.0652,27,-9.8,4.8,36.8,22.2
1,3,75,0.1193,0.0659,29.8,-5.1,7.6,34.9,22.2
1,2,32,0.1527,0.1131,28.1,11.2,5.9,16.9,22.2
2,3,79,0.1561,0.1064,8.9,-26.4,-13.3,35.3,22.2
1,1,4,0.374,0.3017,29.9,-1.8,7.6,31.7,22.3
2,3,26,0.3507,0.2597,17.2,-23.5,-5.1,40.7,22.3
1,2,3,0.4521,0.3675,30.8,-0.2,8.5,31,22.3
2,2,18,0.325,0.232,15.3,-24.3,-7.1,39.6,22.4
2,2,24,0.3373,0.2437,15.6,-16.4,-6.8,32,22.4
5,1,87,0.0915,0.0519,36.3,16.1,13.9,20.2,22.4
6,3,249,0.114,0.0627,28.2,-3.5,5.8,31.7,22.4
6,3,274,0.0863,0.048,25.4,-15.8,3,41.2,22.4
1,2,24,0.1473,0.1187,32.1,8.6,9.7,23.5,22.4
2,3,2,0.5349,0.3581,23.6,0.04,1.2,23.56,22.4
6,3,220,0.2267,0.15,33.2,-11.7,10.8,44.9,22.4
2,2,50,0.1581,0.14,9.8,-20.3,-12.7,30.1,22.5
3,2,16,0.3232,0.2327,24.1,2,1.6,22.1,22.5
5,2,110,0.2263,0.1552,33.5,8.8,11,24.7,22.5
6,3,234,0.1047,0.0556,30.3,-1.7,7.8,32,22.5
1,3,59,0.0847,0.0569,29.9,-5.8,7.3,35.7,22.6
2,2,59,0.1862,0.1168,23.2,-20.7,0.6,43.9,22.6
5,2,196,0.0616,0.042,35.8,18.1,13.2,17.7,22.6
6,1,5,0.3376,0.2576,34.9,4.8,12.3,30.1,22.6
1,2,33,0.1404,0.1084,28.1,3.6,5.5,24.5,22.6
2,2,16,0.3489,0.2537,16.7,-17.8,-5.9,34.5,22.6
2,2,62,0.1989,0.0973,17.8,-20.9,-4.8,38.7,22.6
6,2,106,0.2673,0.2101,32.8,-7.5,10.1,40.3,22.7
1,2,11,0.3425,0.283,30.2,1.8,7.5,28.4,22.7
2,3,59,0.2418,0.1783,11.1,-29,-11.6,40.1,22.7
2,3,60,0.1228,0.0667,24,-8.6,1.3,32.6,22.7
6,3,201,0.3272,0.2363,35,3.2,12.3,31.8,22.7
6,2,120,0.1821,0.1149,30.3,-9.3,7.6,39.6,22.7
6,3,217,0.2372,0.1674,34.7,-4.9,12,39.6,22.7
1,1,18,0.2698,0.185,29.3,-0.9,6.5,30.2,22.8
2,3,35,0.1744,0.1152,23.3,-17.9,0.5,41.2,22.8
2,2,5,0.5601,0.4422,19.5,-9.1,-3.3,28.6,22.8
5,2,154,0.0776,0.0598,35.1,12.2,12.3,22.9,22.8
5,2,156,0.0746,0.0551,35,9.3,12.2,25.7,22.8
6,2,122,0.1936,0.1132,28.3,-6.9,5.5,35.2,22.8
5,1,2,0.2257,0.1577,34.2,10.8,11.4,23.4,22.8
1,2,28,0.1566,0.1097,28.7,13,5.8,15.7,22.9
3,1,51,0.2195,0.1652,26.9,-12.3,4,39.2,22.9
5,3,206,0.2031,0.1569,29.5,7.5,6.6,22,22.9
6,3,258,0.0832,0.0502,28.1,-14,5.2,42.1,22.9
6,3,264,0.0972,0.0692,28.1,-11.3,5.2,39.4,22.9
3,2,31,0.294,0.2053,22.9,-2.9,-0.09,25.8,22.99
1,3,80,0.1627,0.1229,27,-15.2,4,42.2,23
1,2,67,0.1035,0.0661,31.8,9.6,8.8,22.2,23
1,1,46,0.0773,0.0612,26.2,-7.7,3.2,33.9,23
2,3,86,0.1369,0.0909,7.6,-28.1,-15.4,35.7,23
5,1,89,0.0683,0.0454,44.5,15.8,21.5,28.7,23
5,2,109,0.2275,0.16,33.4,5.5,10.4,27.9,23
6,2,107,0.2856,0.2031,32,3.1,9,28.9,23
5,2,184,0.0788,0.0497,38.7,15.3,15.7,23.4,23
1,1,17,0.2829,0.2002,28.4,2.2,5.3,26.2,23.1
2,2,23,0.3594,0.2265,18.3,-13.8,-4.8,32.1,23.1
3,2,20,0.2881,0.2136,26.5,-0.8,3.4,27.3,23.1
2,2,11,0.5377,0.4311,18.5,-10.5,-4.7,29,23.2
2,2,72,0.2141,0.0843,11.6,-15.3,-11.6,26.9,23.2
3,1,4,0.4001,0.2997,30.4,4.9,7.2,25.5,23.2
3,2,27,0.3292,0.2327,22.5,-1.7,-0.7,24.2,23.2
1,1,40,0.0779,0.0414,35.1,3.9,11.9,31.2,23.2
5,2,175,0.0746,0.0474,40.1,23,16.9,17.1,23.2
6,3,211,0.2772,0.2128,30.1,-2.6,6.9,32.7,23.2
3,3,44,0.2993,0.2357,17.4,-6.9,-5.9,24.3,23.3
6,3,202,0.3215,0.2454,33.3,-1,10,34.3,23.3
6,3,225,0.1219,0.0703,31.7,-4.8,8.4,36.5,23.3
1,3,50,0.0966,0.0547,29,1.7,5.7,27.3,23.3
1,3,68,0.095,0.0681,29.8,-4.9,6.5,34.7,23.3
3,2,19,0.2576,0.1953,24.5,-0.3,1.2,24.8,23.3
3,2,53,0.2943,0.2216,27.1,-9.8,3.8,36.9,23.3
6,3,240,0.118,0.0717,28.1,-7.2,4.8,35.3,23.3
1,1,2,0.4809,0.3313,29.5,3.5,6.1,26,23.4
3,2,78,0.155,0.1287,30.2,10.1,6.8,20.1,23.4
6,3,245,0.1282,0.0783,29,-10.7,5.6,39.7,23.4
1,2,9,0.3766,0.2594,34.1,-1.1,10.7,35.2,23.4
5,1,90,0.0744,0.0506,41.7,13.2,18.3,28.5,23.4
5,3,241,0.0826,0.0692,34.6,-2.3,11.2,36.9,23.4
1,3,46,0.1092,0.0847,35.4,0.6,11.9,34.8,23.5
1,2,15,0.3539,0.2849,34.6,-2.6,11.1,37.2,23.5
1,2,31,0.1527,0.1152,27.1,-0.2,3.6,27.3,23.5
3,1,3,0.3707,0.2791,30.6,7.1,7.1,23.5,23.5
3,1,11,0.3754,0.3004,30.4,1.1,6.9,29.3,23.5
5,2,188,0.0758,0.0527,36.1,18.5,12.6,17.6,23.5
6,2,108,0.292,0.2207,30.7,3.8,7.2,26.9,23.5
6,3,244,0.1282,0.0467,28.9,-4.6,5.4,33.5,23.5
3,3,28,0.3073,0.2136,20.7,1,-2.9,19.7,23.6
1,2,20,0.1412,0.1108,34.2,9.4,10.6,24.8,23.6
3,3,12,0.4131,0.3377,27,1,3.4,26,23.6
5,3,223,0.1344,0.0951,30.7,0.7,7.1,30,23.6
1,2,34,0.137,0.0999,28.2,4.2,4.5,24,23.7
3,1,18,0.2526,0.199,25.4,-1.1,1.7,26.5,23.7
3,2,34,0.2131,0.1726,25.5,1.4,1.8,24.1,23.7
6,2,124,0.1838,0.1084,28,-6.3,4.3,34.3,23.7
6,3,256,0.081,0.0517,28.9,-14.7,5.2,43.6,23.7
1,3,4,0.4577,0.3579,34.4,-0.9,10.6,35.3,23.8
3,2,26,0.3113,0.2205,24.9,-2.1,1.1,27,23.8
3,2,33,0.2383,0.1746,25.9,-0.4,2.1,26.3,23.8
1,2,45,0.0889,0.0667,34.5,18.4,10.7,16.1,23.8
3,1,15,0.2329,0.1882,29,-5.2,5.2,34.2,23.8
6,3,213,0.2487,0.1835,32.7,-8.9,8.9,41.6,23.8
1,2,60,0.1114,0.0742,33.4,10.9,9.5,22.5,23.9
3,1,35,0.1753,0.1119,30.9,2.8,7,28.1,23.9
3,2,90,0.1834,0.1991,20.2,-3.7,-3.7,23.9,23.9
3,3,8,0.492,0.3889,24.7,7.8,0.8,16.9,23.9
5,2,143,0.1463,0.1226,33.4,11.2,9.5,22.2,23.9
5,2,143,0.1463,0.1226,33.4,11.2,9.5,22.2,23.9
6,2,150,0.1181,0.0627,26.2,-13.4,2.3,39.6,23.9
2,3,21,0.3246,0.2532,18.1,-23.3,-5.8,41.4,23.9
2,3,63,0.1136,0.0788,19.2,-20.2,-4.8,39.4,24
2,2,63,0.1573,0.0926,16.5,-22.8,-7.5,39.3,24
2,1,26,0.3041,0.228,13.9,-22.7,-10.1,36.6,24
6,2,136,0.149,0.0938,28.3,-11,4.3,39.3,24
1,3,25,0.1484,0.1118,33.3,-4.3,9.2,37.6,24.1
6,2,168,0.0829,0.0466,31.9,3.9,7.8,28,24.1
1,1,31,0.1377,0.0947,26.5,-7.3,2.4,33.8,24.1
1,1,37,0.1554,0.1214,28.1,-8.3,4,36.4,24.1
2,3,17,0.2993,0.2206,19.6,-13,-4.5,32.6,24.1
2,1,51,0.1859,0.1255,8.6,-28.1,-15.5,36.7,24.1
5,2,171,0.0705,0.0521,30.2,13.1,6.1,17.1,24.1
5,3,262,0.056,0.04,31,-6.1,6.9,37.1,24.1
6,2,143,0.1002,0.051,26.5,-12.5,2.4,39,24.1
1,3,64,0.081,0.0544,27.5,-2.3,3.3,29.8,24.2
2,3,68,0.1437,0.0905,14.5,-21,-9.7,35.5,24.2
2,1,49,0.1563,0.1127,8.2,-20.7,-16,28.9,24.2
3,1,60,0.2267,0.163,24.5,-5,0.3,29.5,24.2
3,3,24,0.3116,0.2125,21.9,-1.4,-2.3,23.3,24.2
5,1,88,0.0866,0.0499,46.5,17,22.3,29.5,24.2
1,3,32,0.1671,0.1266,30.1,-10.9,5.8,41,24.3
1,3,35,0.1753,0.1192,29.3,-12.1,5,41.4,24.3
1,2,48,0.0913,0.0744,34.6,10.7,10.3,23.9,24.3
3,1,29,0.2298,0.1487,27.3,2.9,3,24.4,24.3
3,2,24,0.2849,0.2082,24.1,-2.8,-0.2,26.9,24.3
3,2,92,0.2135,0.1257,20,-3.8,-4.3,23.8,24.3
1,2,74,0.1058,0.079,34.5,9.3,10.1,25.2,24.4
1,1,14,0.2674,0.1781,30.2,0.5,5.8,29.7,24.4
1,1,30,0.142,0.1213,27.9,-6.9,3.5,34.8,24.4
3,2,7,0.4606,0.3599,27.2,2.2,2.8,25,24.4
5,3,210,0.1766,0.1286,30.7,4.6,6.3,26.1,24.4
6,2,153,0.113,0.0525,22.2,-10.7,-2.2,32.9,24.4
1,3,39,0.1405,0.1076,28.3,-12.7,3.9,41,24.4
2,3,65,0.1122,0.0805,15.2,-25.3,-9.3,40.5,24.5
6,3,210,0.2668,0.1834,37.2,0.6,12.7,36.6,24.5
3,2,85,0.1898,0.1423,19.3,5.3,-5.3,14,24.6
3,2,113,0.1858,0.1102,20.3,-6.3,-4.3,26.6,24.6
3,3,5,0.4466,0.3424,23.6,5,-1,18.6,24.6
6,1,7,0.3326,0.2628,37,0.4,12.4,36.6,24.6
6,1,21,0.1959,0.1371,36.2,-10.2,11.6,46.4,24.6
3,2,49,0.2977,0.2158,27.1,-10.1,2.4,37.2,24.7
3,3,52,0.2927,0.2251,20.6,-2.7,-4.1,23.3,24.7
2,3,62,0.1359,0.1013,20.2,-17.4,-4.6,37.6,24.8
3,1,28,0.2222,0.1539,25.4,-1.8,0.6,27.2,24.8
1,1,1,0.4389,0.2751,34.6,10.1,9.8,24.5,24.8
3,1,5,0.3501,0.2483,29.5,6.1,4.7,23.4,24.8
3,1,30,0.2278,0.146,27.8,7.2,3,20.6,24.8
3,1,64,0.2384,0.1748,22,-9.6,-2.8,31.6,24.8
1,3,27,0.0876,0.0598,29.3,-14.6,4.4,43.9,24.9
1,3,56,0.0873,0.0616,31.3,-3.3,6.4,34.6,24.9
2,1,27,0.2774,0.2578,9.5,-20,-15.4,29.5,24.9
3,3,25,0.2816,0.202,22.9,4.1,-2,18.8,24.9
5,1,1,0.1537,0.1053,35.4,4.6,10.5,30.8,24.9
5,1,16,0.254,0.2312,30.8,2.7,5.9,28.1,24.9
5,1,1,0.1537,0.1053,35.4,4.6,10.5,30.8,24.9
6,2,119,0.1703,0.1116,30,-5.5,5.1,35.5,24.9
6,3,253,0.0804,0.0368,29.9,-4.8,5,34.7,24.9
3,2,69,0.2675,0.2113,24.9,-13.2,-0.08,38.1,24.98
1,1,33,0.1611,0.1119,26.5,-2.6,1.5,29.1,25
1,1,72,0.0753,0.0524,27.3,-8.1,2.3,35.4,25
3,1,46,0.1998,0.1504,25.4,-9,0.4,34.4,25
3,2,94,0.1714,0.1175,23.7,-12.3,-1.3,36,25
5,2,168,0.0794,0.0628,33.9,13.5,8.9,20.4,25
2,3,71,0.0209,0.0074,0.2,-31.8,-24.9,32,25.1
5,2,113,0.2205,0.1789,33.9,5.3,8.8,28.6,25.1
6,3,224,0.1446,0.0848,32.9,-1.3,7.8,34.2,25.1
1,2,17,0.3627,0.2943,29.6,9,4.5,20.6,25.1
1,1,55,0.067,0.0485,28.8,-5.2,3.7,34,25.1
6,3,205,0.3305,0.2457,35.2,-1.2,10.1,36.4,25.1
5,2,159,0.09,0.0693,33.8,11.2,8.6,22.6,25.2
5,2,162,0.0829,0.0568,32,7.4,6.8,24.6,25.2
5,3,269,0.1068,0.0684,36,4.3,10.8,31.7,25.2
3,2,67,0.3035,0.2318,25.2,-8.1,-0.05,33.3,25.25
2,1,24,0.3135,0.2427,16.7,-23.5,-8.6,40.2,25.3
5,2,164,0.0865,0.616,32.9,8.5,7.6,24.4,25.3
1,2,52,0.0877,0.0648,31.5,14.4,6.2,17.1,25.3
1,1,50,0.0736,0.0533,21.5,-5.4,-3.8,26.9,25.3
3,2,3,0.4575,0.3435,28.7,3.7,3.4,25,25.3
3,2,23,0.321,0.2354,25.6,3.7,0.3,21.9,25.3
5,2,191,0.0705,0.045,37.5,20,12.2,17.5,25.3
6,2,117,0.235,0.134,34.5,-3.1,9.2,37.6,25.3
1,2,27,0.1563,0.1244,29.5,9.3,4.1,20.2,25.4
2,1,41,0.1648,0.1126,14.2,-25.1,-11.2,39.3,25.4
6,2,155,0.1151,0.0762,28.2,-7.3,2.8,35.5,25.4
1,2,50,0.1348,0.0986,32.6,20.6,7.2,12,25.4
1,1,63,0.0662,0.0498,25.8,-4.7,0.4,30.5,25.4
3,1,6,0.3696,0.2765,28.8,9.2,3.4,19.6,25.4
6,1,6,0.3126,0.2537,36.1,2.6,10.7,33.5,25.4
1,3,33,0.1552,0.1239,31.8,-11.2,6.3,43,25.5
1,2,73,0.0862,0.0551,30.2,12.2,4.7,18,25.5
1,1,28,0.1494,0.1273,30,-4.1,4.5,34.1,25.5
3,1,88,0.1323,0.1098,19.4,-22.2,-6.1,41.6,25.5
2,3,15,0.2903,0.1715,29.9,-7.4,4.3,37.3,25.6
3,2,18,0.2859,0.2141,26.4,-0.2,0.8,26.6,25.6
3,3,26,0.3175,0.2334,25.7,-1.7,0.04,27.4,25.66
1,1,22,0.1619,0.0926,32.8,-1.8,7.1,34.6,25.7
1,3,23,0.2387,0.2,31,-3,5.3,34,25.7
3,2,46,0.2912,0.2139,26.9,-9.5,1.2,36.4,25.7
3,2,61,0.3175,0.2241,21,-12,-4.7,33,25.7
1,2,63,0.1357,0.0861,34.7,11.2,9,23.5,25.7
3,2,40,0.2839,0.2012,27.4,-1.4,1.6,28.8,25.8
5,2,142,0.0983,0.0717,30.9,8.7,5.1,22.2,25.8
5,2,177,0.0669,0.0444,41.8,24.1,16,17.7,25.8
1,2,12,0.357,0.297,30.3,7.8,4.5,22.5,25.8
1,1,74,0.0725,0.0522,31.1,-4.2,5.3,35.3,25.8
3,1,7,0.3429,0.2509,31.1,10.1,5.3,21,25.8
3,1,9,0.3734,0.2884,32,3.3,6.2,28.7,25.8
3,2,37,0.2908,0.1994,21.6,7,-4.2,14.6,25.8
5,2,120,0.1321,0.0877,28.1,-6.1,2.3,34.2,25.8
6,1,4,0.3354,0.2803,35.1,3.3,9.3,31.8,25.8
6,3,219,0.2505,0.1649,34.8,-6.9,8.9,41.7,25.9
3,2,10,0.3859,0.2915,26.3,-0.8,0.4,27.1,25.9
6,2,146,0.1081,0.0613,24.3,-8.6,-1.6,32.9,25.9
6,1,27,0.2682,0.2025,33.8,-1.7,7.8,35.5,26
2,1,45,0.2099,0.1534,16.9,-25.2,-9.1,42.1,26
3,2,83,0.1696,0.1416,24.1,4.2,-1.9,19.9,26
3,2,88,0.1739,0.1245,24.6,-12,-1.4,36.6,26
6,3,233,0.1267,0.0752,26.7,-9.8,0.7,36.5,26
3,1,47,0.2576,0.1905,24.9,-7.2,-1.2,32.1,26.1
5,1,47,0.0875,0.0743,26.9,-13.1,0.8,40,26.1
6,1,3,0.3355,0.2607,37.3,6.8,11.2,30.5,26.1
1,2,53,0.0907,0.0636,34.6,13.1,8.5,21.5,26.1
2,2,15,0.3453,0.2267,19,-16.9,-7.1,35.9,26.1
3,2,103,0.2389,0.1385,22.6,-10.5,-3.5,33.1,26.1
1,3,17,0.1876,0.1515,31,-8.6,4.8,39.6,26.2
1,2,78,0.1025,0.0742,31.7,14.2,5.5,17.5,26.2
1,1,34,0.1432,0.1226,28.3,-6.6,2.1,34.9,26.2
3,1,96,0.1115,0.0561,22.4,-2.7,-3.8,25.1,26.2
3,2,109,0.2157,0.1525,24.5,-5.4,-1.7,29.9,26.2
2,3,13,0.4768,0.3568,19.3,-22.1,-6.9,41.4,26.2
2,2,9,0.5074,0.4122,19.8,-16.9,-6.4,36.7,26.2
3,2,5,0.4674,0.3646,27.4,3.9,1.1,23.5,26.3
3,2,115,0.2224,0.1485,19.4,-13.2,-6.9,32.6,26.3
1,3,20,0.1897,0.1556,31.5,-4.6,5.2,36.1,26.3
1,2,42,0.1095,0.062,31,10.8,4.7,20.2,26.3
3,2,101,0.2132,0.1558,25,-12.3,-1.3,37.3,26.3
5,2,169,0.0728,0.052,30.6,12.6,4.3,18,26.3
5,2,128,0.1268,0.0966,33.2,-2.4,6.9,35.6,26.3
1,2,65,0.1088,0.0767,30.9,7,4.5,23.9,26.4
3,1,55,0.2613,0.1959,25.4,-15,-1,40.4,26.4
6,2,140,0.1435,0.0908,29.5,-12,3.1,41.5,26.4
1,2,30,0.1367,0.1047,29,4.7,2.5,24.3,26.5
3,2,15,0.3486,0.2517,26.6,-6,0.1,32.6,26.5
5,2,112,0.2204,0.1582,31,4.7,4.5,26.3,26.5
6,1,13,0.2351,0.1775,37,-8.2,10.5,45.2,26.5
5,1,13,0.1924,0.1693,35.2,3.6,8.7,31.6,26.5
3,2,32,0.2544,0.1914,26.5,-1.5,-0.05,28,26.55
1,2,2,0.4606,0.347,29.7,-5.3,3.1,35,26.6
2,3,74,0.1174,0.0772,13.7,-26.4,-12.9,40.1,26.6
3,2,52,0.2869,0.2211,26,-3.3,-0.6,29.3,26.6
3,2,75,0.3033,0.2336,25.5,-15.1,-1.1,40.6,26.6
2,2,29,0.1804,0.0845,26.7,-10.2,0.05,36.9,26.65
1,3,18,0.2006,0.1624,31.2,-8.9,4.5,40.1,26.7
2,1,23,0.2792,0.2255,17.5,-17.1,-9.2,34.6,26.7
6,1,1,0.3272,0.2553,39.5,0.1,12.8,39.4,26.7
1,3,24,0.149,0.0925,35.1,-6.3,8.4,41.4,26.7
2,3,64,0.1303,0.0852,19.8,-21.8,-6.9,41.6,26.7
3,1,32,0.2109,0.1233,25.1,2,-1.6,23.1,26.7
5,2,139,0.1137,0.0877,35.1,-4.9,8.4,40,26.7
5,2,181,0.0811,0.0586,45.4,15.5,18.6,29.9,26.8
1,2,68,0.1207,0.094,31.5,12.6,4.7,18.9,26.8
5,2,165,0.0865,0.064,32.2,15.7,5.4,16.5,26.8
5,2,151,0.0728,0.0462,36.8,12.6,9.9,24.2,26.9
6,2,145,0.1118,0.0689,28,-9,1.1,37,26.9
3,1,33,0.2499,0.1703,26.3,1.4,-0.6,24.9,26.9
5,3,248,0.1101,0.0609,32.2,-6.5,5.3,38.7,26.9
1,2,37,0.1531,0.1182,28.3,4.1,1.3,24.2,27
2,2,17,0.3086,0.2359,17.8,-16,-9.2,33.8,27
2,2,30,0.1293,0.1001,21.9,-7,-5.1,28.9,27
3,2,35,0.3068,0.2202,26.1,5.9,-0.9,20.2,27
5,2,102,0.2394,0.1825,33.5,3.9,6.5,29.6,27
5,3,272,0.053,0.04,24.5,-6.8,-2.5,31.3,27
5,2,106,0.2346,0.1505,35.7,5.8,8.7,29.9,27
1,3,57,0.0981,0.0762,32.3,2.2,5.2,30.1,27.1
3,1,61,0.2704,0.1995,25.7,-1.6,-1.4,27.3,27.1
1,1,29,0.1698,0.1186,28,-8.4,0.9,36.4,27.1
1,1,51,0.0663,0.049,26.5,-6.8,-0.6,33.3,27.1
3,1,8,0.3596,0.2747,30.1,3.4,3,26.7,27.1
3,1,17,0.2496,0.2019,26.6,-2.7,-0.5,29.3,27.1
3,1,62,0.2972,0.212,24.6,-4.7,-2.5,29.3,27.1
3,1,121,0.1541,0.1052,15.2,-10.1,-11.9,25.3,27.1
5,3,199,0.1766,0.1471,36,1,8.9,35,27.1
1,3,28,0.1279,0.0994,31.2,-13.8,4,45,27.2
6,3,229,0.1164,0.0672,30.1,-7.5,2.9,37.6,27.2
6,3,231,0.1152,0.077,31.8,-9.1,4.6,40.9,27.2
1,3,34,0.1672,0.1228,30.4,-10.5,3.1,40.9,27.3
1,3,51,0.1032,0.0767,33.9,-7.2,6.6,41.1,27.3
2,3,51,0.2116,0.1607,9.9,-26.7,-17.4,36.6,27.3
2,1,67,0.0794,0.0459,16.9,-25.1,-10.4,42,27.3
2,1,40,0.1761,0.1196,21.6,-24,-5.7,45.6,27.3
3,2,25,0.2642,0.2105,26.2,-5.1,-1.1,31.3,27.3
3,2,45,0.2695,0.1989,26.2,-4.9,-1.1,31.1,27.3
1,2,57,0.0992,0.0723,32.7,14.3,5.4,18.4,27.3
1,2,71,0.1113,0.0677,32.3,15.7,4.9,16.6,27.4
2,2,13,0.311,0.1909,24.2,-10.6,-3.2,34.8,27.4
6,2,192,0.0723,0.0337,28.4,-11.4,1,39.8,27.4
1,2,55,0.1029,0.0804,35.6,13.5,8.2,22.1,27.4
2,3,16,0.3366,0.2395,24.6,-15.3,-2.8,39.9,27.4
3,1,125,0.1532,0.1122,25.3,-9,-2.1,34.3,27.4
3,1,13,0.2449,0.1866,29.3,4.9,1.8,24.4,27.5
3,1,90,0.1303,0.0909,24.9,-4.4,-2.6,29.3,27.5
3,1,92,0.1193,0.0987,24.6,-9.2,-2.9,33.8,27.5
5,1,38,0.0857,0.0761,32.9,-6.1,5.4,39,27.5
6,1,48,0.141,0.0983,33.5,-0.9,6,34.4,27.5
5,3,211,0.1648,0.1275,36.7,12.1,9.2,24.6,27.5
1,3,2,0.4562,0.3623,35.1,6.3,7.5,28.8,27.6
2,1,39,0.1842,0.1202,18,-22.4,-9.6,40.4,27.6
3,1,25,0.2129,0.1367,26,-1.2,-1.6,27.2,27.6
3,2,54,0.3079,0.224,25.1,-2.9,-2.5,28,27.6
6,2,141,0.22,0.1495,30,-7.6,2.4,37.6,27.6
6,3,243,0.1256,0.0692,31.6,-6.5,4,38.1,27.6
1,2,59,0.1131,0.0819,34.5,13.8,6.8,20.7,27.7
3,1,22,0.232,0.1591,27.4,7.2,-0.3,20.2,27.7
3,2,30,0.324,0.2491,27.4,1.4,-0.3,26,27.7
3,2,50,0.2783,0.1985,27.4,-10.9,-0.3,38.3,27.7
6,3,255,0.0777,0.0522,30.9,-14.2,3.2,45.1,27.7
1,1,69,0.0576,0.0392,29.6,1.2,1.9,28.4,27.7
3,2,80,0.1717,0.1318,22.9,6,-4.9,16.9,27.8
3,2,87,0.2077,0.1393,23.4,3.9,-4.4,19.5,27.8
1,2,80,0.1725,0.1478,33.6,9.6,5.8,24,27.8
2,1,44,0.1846,0.1521,16.6,-25.5,-11.2,42.1,27.8
3,1,16,0.2711,0.2098,26.8,-3.2,-1,30,27.8
3,2,22,0.2695,0.1913,24.1,-4.6,-3.7,28.7,27.8
3,2,47,0.3062,0.2353,27.3,-9.9,-0.5,37.2,27.8
6,3,247,0.1227,0.0717,28.8,-10.4,1,39.2,27.8
3,1,10,0.3656,0.2851,31.9,7.1,4,24.8,27.9
3,2,118,0.2006,0.1338,22.2,-15,-5.7,37.2,27.9
6,2,190,0.0815,0.0484,29.5,-8,1.6,37.5,27.9
6,3,266,0.0919,0.0669,30.3,-13.1,2.4,43.4,27.9
2,2,64,0.1813,0.1291,10.7,-23.2,-17.3,33.9,28
3,1,14,0.2884,0.2191,29.4,0.8,1.4,28.6,28
3,2,77,0.1491,0.0997,29.8,2.7,1.8,27.1,28
3,2,84,0.1838,0.1289,21.2,3.5,-6.8,17.7,28
5,2,155,0.0812,0.0604,36.9,10.1,8.9,26.8,28
6,3,239,0.1243,0.0776,28.4,-18,0.4,46.4,28
1,2,62,0.1028,0.0808,35.2,13.5,7.1,21.7,28.1
1,2,64,0.106,0.072,34,10.6,5.9,23.4,28.1
2,3,76,0.1272,0.0763,14.1,-27.8,-14,41.9,28.1
5,2,130,0.1096,0.0853,37.2,7.7,9.1,29.5,28.1
5,2,166,0.074,0.0598,33.7,7.6,5.6,26.1,28.1
5,2,117,0.1303,0.0817,34.3,-5.3,6.1,39.6,28.2
3,2,12,0.3305,0.2751,25.3,-4.9,-2.9,30.2,28.2
3,2,44,0.2946,0.2008,28.3,-9.5,0.1,37.8,28.2
6,3,269,0.0694,0.0461,32.4,-2.3,4.2,34.7,28.2
5,3,263,0.0575,0.049,32.2,-7.9,4,40.1,28.2
1,3,38,0.1501,0.1152,29.4,-10,1.1,39.4,28.3
2,2,60,0.1436,0.0866,19.9,-22.1,-8.4,42,28.3
6,3,275,0.2001,0.1622,33.3,-1.3,5,34.6,28.3
3,1,34,0.2664,0.1809,29.3,-3.9,1,33.2,28.3
3,2,6,0.4653,0.3616,28.5,6.5,0.2,22,28.3
6,3,268,0.079,0.0613,31.8,-7.5,3.5,39.3,28.3
1,3,42,0.1805,0.1331,28.4,-14,0.05,42.4,28.35
1,1,58,0.0732,0.0577,28.2,-1.6,-0.2,29.8,28.4
2,2,53,0.1229,0.0869,23.9,0.8,-4.5,23.1,28.4
3,2,89,0.1845,0.124,24.2,-5.2,-4.2,29.4,28.4
5,2,157,0.1,0.0734,34,5.4,5.6,28.6,28.4
6,1,25,0.2221,0.1653,37,-10.1,8.6,47.1,28.4
3,1,38,0.1817,0.1672,27.1,-17.7,-1.3,44.8,28.4
3,2,9,0.4323,0.3535,29.6,1.4,1.2,28.2,28.4
1,2,75,0.1266,0.0914,37.1,13.1,8.6,24,28.5
1,1,67,0.0649,0.0475,30,-5.1,1.5,35.1,28.5
3,2,108,0.1919,0.1552,25.1,-11,-3.4,36.1,28.5
3,2,117,0.2098,0.1509,28.2,-13.3,-0.3,41.5,28.5
5,1,46,0.1173,0.104,23.2,-11.4,-5.3,34.6,28.5
5,2,111,0.224,0.1671,34.9,6.6,6.4,28.3,28.5
5,2,114,0.2074,0.154,36.5,-3,8,39.5,28.5
5,3,253,0.116,0.0809,33,-4.2,4.5,37.2,28.5
6,2,167,0.0738,0.0243,28.9,-13,0.4,41.9,28.5
5,2,189,0.0693,0.0462,36.7,17.4,8.2,19.3,28.5
1,3,9,0.2278,0.1296,33.4,-1.9,4.8,35.3,28.6
2,2,67,0.1542,0.1115,11.2,-24.9,-17.4,36.1,28.6
6,2,183,0.0909,0.0551,34.4,-0.3,5.8,34.7,28.6
3,1,83,0.1093,0.0758,22,-10.4,-6.6,32.4,28.6
6,3,241,0.1176,0.0759,30.6,-11.9,2,42.5,28.6
2,1,65,0.1151,0.0814,14.7,-27.3,-14,42,28.7
3,1,31,0.236,0.1377,28,1.9,-0.7,26.1,28.7
3,2,57,0.284,0.2152,25.3,-5.5,-3.4,30.8,28.7
5,2,180,0.0764,0.0515,43.4,18.4,14.7,25,28.7
6,2,148,0.0955,0.0498,25.7,-9.7,-3,35.4,28.7
1,3,22,0.2224,0.185,32.1,-6.5,3.4,38.6,28.7
3,2,73,0.2874,0.2277,24.6,-12.3,-4.1,36.9,28.7
5,2,195,0.0811,0.0515,40.9,16.3,12.1,24.6,28.8
1,1,27,0.1451,0.1189,25.7,-11.1,-3.1,36.8,28.8
3,2,70,0.2797,0.2052,21.1,-6.8,-7.7,27.9,28.8
5,1,52,0.0994,0.0888,31.8,-4,3,35.8,28.8
5,2,194,0.0841,0.0408,38.7,15.5,9.9,23.2,28.8
3,2,71,0.2934,0.2084,23.8,-13.1,-5.1,36.9,28.9
6,1,8,0.3196,0.2546,38.8,-2.7,9.9,41.5,28.9
6,3,254,0.0759,0.0507,30.9,-11.5,2,42.4,28.9
5,1,85,0.0544,0.0314,39.7,13.1,10.8,26.6,28.9
5,2,150,0.09,0.0657,34.8,9.1,5.8,25.7,29
6,2,152,0.1182,0.0624,23.5,-12.3,-5.5,35.8,29
2,1,70,0.1582,0.1035,9.6,-30,-19.5,39.6,29.1
3,1,44,0.2267,0.1826,25.6,-11.1,-3.5,36.7,29.1
3,3,55,0.331,0.2418,25.1,-7,-4,32.1,29.1
5,3,242,0.0943,0.0692,34.5,-10.7,5.4,45.2,29.1
3,1,12,0.3765,0.2928,29.8,4.4,0.6,25.4,29.2
3,1,20,0.2383,0.1723,28.9,-0.02,-0.3,28.92,29.2
3,2,14,0.3501,0.2804,27.2,-1.7,-2,28.9,29.2
2,1,25,0.254,0.2067,17.6,-22.4,-11.6,40,29.2
2,1,66,0.0979,0.0561,13.9,-26.6,-15.3,40.5,29.2
1,2,54,0.1261,0.0916,36,12.7,6.7,23.3,29.3
1,1,59,0.0622,0.048,29.5,-12.8,0.2,42.3,29.3
3,1,41,0.1964,0.1392,25.3,-7.8,-4,33.1,29.3
6,1,12,0.2342,0.1774,40.2,-10.4,10.9,50.6,29.3
1,1,70,0.0729,0.0562,31.4,1.5,2,29.9,29.4
2,3,66,0.1318,0.1048,14.8,-26.4,-14.6,41.2,29.4
3,2,59,0.2843,0.2318,23.7,-1.9,-5.7,25.6,29.4
3,2,66,0.287,0.2631,28.9,5.6,-0.5,23.3,29.4
3,2,76,0.3088,0.2376,22,-15.3,-7.4,37.3,29.4
5,2,183,0.0622,0.0539,39.4,9.3,10,30.1,29.4
1,2,38,0.1661,0.1249,29.1,8.6,-0.3,20.5,29.4
1,2,76,0.0929,0.0659,26.8,9,-2.6,17.8,29.4
3,2,105,0.2046,0.1679,28.3,3.5,-1.1,24.8,29.4
5,2,103,0.2595,0.1588,33.1,2.9,3.7,30.2,29.4
1,2,79,0.0983,0.0669,31.5,8.5,2,23,29.5
1,1,36,0.1423,0.1139,26.7,-3.3,-2.8,30,29.5
3,1,65,0.2579,0.2047,20.6,-14.1,-8.9,34.7,29.5
3,1,97,0.1108,0.0791,17.3,-11.2,-12.2,28.5,29.5
3,2,104,0.2228,0.1382,23.7,-6.3,-5.8,30,29.5
3,2,126,0.2164,0.1602,23.5,-18.5,-6,42,29.5
5,2,197,0.1048,0.0865,39.6,17.4,10.1,22.2,29.5
6,1,19,0.2149,0.1525,38.4,-8.3,8.9,46.7,29.5
6,2,157,0.1109,0.0697,26.6,-12.4,-2.9,39,29.5
6,2,173,0.0947,0.0407,32.3,-2.2,2.7,34.5,29.6
3,2,43,0.2718,0.2107,27.3,-9.8,-2.3,37.1,29.6
5,2,105,0.2406,0.1777,32.5,6.5,2.9,26,29.6
1,1,39,0.1784,0.1383,31.7,-6.7,2,38.4,29.7
3,1,43,0.2282,0.164,26.3,-4.1,-3.4,30.4,29.7
5,1,53,0.1163,0.1065,29.5,-15.6,-0.2,45.1,29.7
5,2,121,0.1262,0.0954,31.7,-6.5,2,38.2,29.7
5,1,42,0.1027,0.0932,28.6,-12.8,-1.1,41.4,29.7
5,2,170,0.0723,0.0545,31.7,12.3,1.9,19.4,29.8
1,2,70,0.1097,0.0833,35.4,4.3,5.5,31.1,29.9
1,1,21,0.151,0.1099,33.4,-3.3,3.5,36.7,29.9
3,3,59,0.3042,0.2422,17.4,-7.4,-12.5,24.8,29.9
5,2,131,0.1179,0.0847,36.9,-2.9,7,39.8,29.9
5,3,239,0.0909,0.0709,34.5,-0.3,4.6,34.8,29.9
2,2,69,0.1752,0.1263,8.8,-22,-21.1,30.8,29.9
1,1,32,0.147,0.1268,28.4,-9.2,-1.6,37.6,30
1,1,76,0.0718,0.0537,29.7,1,-0.3,28.7,30
2,1,69,0.1559,0.1139,12.3,-29.3,-17.7,41.6,30
3,1,107,0.2563,0.2064,33.5,-6.4,3.5,39.9,30
3,2,51,0.2313,0.1572,31.4,-11.2,1.4,42.6,30
3,2,62,0.3002,0.2306,28.2,-7.3,-1.8,35.5,30
3,2,91,0.1989,0.1881,21.9,-8.4,-8.1,30.3,30
2,2,51,0.1217,0.0711,26.7,-5.5,-3.4,32.2,30.1
5,2,167,0.0734,0.0539,31.7,14.8,1.6,16.9,30.1
5,3,257,0.0943,0.0792,43.8,8,13.7,35.8,30.1
6,1,9,0.3109,0.2387,40.9,2.7,10.8,38.2,30.1
5,1,59,0.0598,0.0489,41.7,5.9,11.6,35.8,30.1
6,3,259,0.1245,0.0528,28.1,-7.6,-2,35.7,30.1
5,2,179,0.09,0.0723,48.8,23.5,18.6,25.3,30.2
6,3,263,0.1028,0.073,33.8,-16.4,3.6,50.2,30.2
5,1,31,0.0916,0.0803,36.9,-5.1,6.7,42,30.2
5,2,190,0.0711,0.0474,36.5,14.8,6.3,21.7,30.2
5,3,245,0.0976,0.0751,35.4,-6.9,5.2,42.3,30.2
5,3,260,0.0676,0.053,41,-2.1,10.8,43.1,30.2
5,2,115,0.2044,0.1594,32.2,-3,2,35.2,30.2
3,1,66,0.2898,0.2033,23.1,-4.7,-7.2,27.8,30.3
3,1,70,0.2849,0.2095,26.6,-9.6,-3.7,36.2,30.3
3,2,100,0.2711,0.1658,26.6,-7.6,-3.7,34.2,30.3
5,2,135,0.1191,0.0717,30,-12,-0.3,42,30.3
5,2,138,0.096,0.0681,29,3.3,-1.3,25.7,30.3
6,2,186,0.0821,0.0407,30,-4.6,-0.3,34.6,30.3
6,2,188,0.1004,0.055,32.2,1.9,1.9,30.3,30.3
3,2,98,0.1858,0.1239,22.3,-3.5,-8.1,25.8,30.4
1,2,21,0.1464,0.1228,34.1,12.6,3.7,21.5,30.4
3,2,39,0.2737,0.1816,26.6,-5.9,-3.8,32.5,30.4
1,2,39,0.1511,0.1196,30.9,8.9,0.4,22,30.5
1,1,23,0.1137,0.0921,29.5,-4.5,-1,34,30.5
3,1,87,0.1111,0.0853,18.5,-12.2,-12,30.7,30.5
3,2,107,0.2111,0.1306,24.2,-9,-6.3,33.2,30.5
5,1,79,0.0609,0.0498,44,3.2,13.5,40.8,30.5
6,1,29,0.1503,0.0881,37.9,-8.3,7.4,46.2,30.5
6,2,169,0.0827,0.0544,33.5,4.7,3,28.8,30.5
6,3,265,0.101,0.0656,30.1,-7.5,-0.4,37.6,30.5
1,3,29,0.1259,0.0996,29.9,-8.1,-0.7,38,30.6
3,2,99,0.213,0.1362,26.4,-9.1,-4.2,35.5,30.6
6,3,271,0.0766,0.048,31.4,-8.5,0.8,39.9,30.6
2,2,58,0.145,0.1057,19.6,-14.6,-11,34.2,30.6
6,2,182,0.0868,0.0405,31.8,-5.1,1.2,36.9,30.6
1,1,66,0.0689,0.0516,29.9,1.7,-0.8,28.2,30.7
5,1,4,0.1918,0.1564,34.5,8.7,3.8,25.8,30.7
2,2,61,0.1362,0.092,21.6,-22.1,-9.1,43.7,30.7
5,2,122,0.1179,0.0711,30.1,-6.6,-0.6,36.7,30.7
1,2,61,0.1066,0.0824,34.3,6.9,3.5,27.4,30.8
6,2,166,0.0178,0.0139,24.9,-13.8,-5.9,38.7,30.8
1,2,41,0.2229,0.1847,31.1,5.2,0.3,25.9,30.8
1,2,56,0.1086,0.0835,35.1,13,4.3,22.1,30.8
1,2,69,0.1224,0.0841,32.6,13.9,1.8,18.7,30.8
3,1,23,0.2152,0.1568,29,1.7,-1.8,27.3,30.8
3,2,63,0.3021,0.2345,28,-9.5,-2.8,37.5,30.8
5,1,27,0.0817,0.0696,36.2,-13.3,5.4,49.5,30.8
3,1,104,0.1175,0.1048,22.4,-21,-8.5,43.4,30.9
5,1,32,0.1097,0.0989,32.4,-9.2,1.5,41.6,30.9
3,1,36,0.2044,0.1505,31.6,-4.2,0.7,35.8,30.9
5,2,108,0.2287,0.1718,32.2,1.2,1.3,31,30.9
6,1,28,0.1264,0.0805,40.8,-8.3,9.8,49.1,31
1,1,25,0.1383,0.1216,29.5,-5,-1.5,34.5,31
1,1,56,0.0745,0.0578,26.4,-6.2,-4.6,32.6,31
2,3,61,0.0959,0.082,22.9,-21.4,-8.1,44.3,31
3,1,19,0.2152,0.1709,28,-8.3,-3,36.3,31
5,3,259,0.0951,0.0826,46,14.5,15,31.5,31
6,1,98,0.0807,0.0491,37.3,-17.7,6.2,55,31.1
5,3,261,0.0909,0.0617,40.5,7.3,9.4,33.2,31.1
6,2,199,0.1309,0.1092,32,-1.2,0.8,33.2,31.2
6,3,262,0.1072,0.0681,28.8,-15.1,-2.4,43.9,31.2
2,1,43,0.1848,0.1312,13.1,-25.5,-18.1,38.6,31.2
5,1,37,0.0789,0.0681,29.6,-5.3,-1.6,34.9,31.2
1,1,53,0.0639,0.0478,28.9,-8,-2.4,36.9,31.3
1,1,73,0.0662,0.049,29,-1.9,-2.3,30.9,31.3
3,2,116,0.2099,0.1368,24.6,-14.8,-6.7,39.4,31.3
6,2,178,0.0914,0.0489,32.1,-5.5,0.8,37.6,31.3
2,1,74,0.1621,0.1263,3.9,-33.8,-27.5,37.7,31.4
3,2,112,0.2084,0.1672,24.2,-18.2,-7.2,42.4,31.4
2,2,46,0.1124,0.0475,2.1,-33.7,-29.3,35.8,31.4
3,2,42,0.2902,0.2119,26.6,-3.8,-4.8,30.4,31.4
3,2,121,0.1911,0.1586,25.1,-11,-6.3,36.1,31.4
3,2,41,0.2812,0.1775,28.4,-5.4,-3.1,33.8,31.5
3,2,72,0.3029,0.2459,24.1,-8.2,-7.4,32.3,31.5
5,2,101,0.2062,0.1576,31.8,-2.5,0.3,34.3,31.5
5,2,107,0.218,0.1766,40,7.5,8.5,32.5,31.5
6,1,14,0.2233,0.1832,39.4,-13.2,7.9,52.6,31.5
6,3,270,0.0887,0.0621,29.9,-9.1,-1.6,39,31.5
1,1,62,0.086,0.0618,28.9,1.1,-2.7,27.8,31.6
2,3,75,0.1281,0.0914,14.7,-29,-16.9,43.7,31.6
3,1,129,0.1598,0.1041,29.4,-9.8,-2.2,39.2,31.6
3,2,56,0.3259,0.2414,27.7,-7.3,-3.9,35,31.6
2,2,54,0.1873,0.1083,20.8,15.6,-10.8,5.2,31.6
2,2,66,0.136,0.0735,12.6,-27.2,-19,39.8,31.6
5,1,40,0.0752,0.06,27.2,-16.9,-4.4,44.1,31.6
5,1,91,0.0737,0.0485,47.3,6.7,15.6,40.6,31.7
2,1,31,0.1385,0.1056,19.5,-27.9,-12.2,47.4,31.7
5,1,45,0.0917,0.0795,28.8,-9.3,-2.9,38.1,31.7
5,2,104,0.2311,0.1825,31.2,4.1,-0.5,27.1,31.7
5,2,125,0.1315,0.0954,32.4,-9.7,0.7,42.1,31.7
6,1,15,0.217,0.164,39.4,-12.4,7.7,51.8,31.7
6,1,16,0.2215,0.1669,38.4,-7.4,6.7,45.8,31.7
1,1,78,0.1144,0.0837,34.1,-6.5,2.4,40.6,31.7
5,2,160,0.0971,0.0675,33.9,9.2,2.1,24.7,31.8
5,2,161,0.0634,0.0515,32.8,10.1,1,22.7,31.8
3,2,102,0.1911,0.1441,26.8,-6.8,-5,33.6,31.8
5,1,48,0.1072,0.0972,31.7,-3.5,-0.1,35.2,31.8
5,1,65,0.0586,0.0476,40.6,-8.6,8.8,49.2,31.8
5,2,118,0.1215,0.0871,34,-5.9,2.2,39.9,31.8
6,2,151,0.119,0.0723,28,-13.7,-3.8,41.7,31.8
5,3,270,0.0784,0.0701,37.5,-5.6,5.6,43.1,31.9
1,2,46,0.1003,0.0709,35.1,18.5,3.2,16.6,31.9
1,1,68,0.0658,0.0431,30.6,-1.4,-1.3,32,31.9
2,1,72,0.1309,0.0871,10.8,-28,-21.1,38.8,31.9
6,2,163,0.0997,0.06,24.6,-16.2,-7.3,40.8,31.9
1,2,66,0.106,0.0798,33.6,10.8,1.6,22.8,32
2,1,50,0.1961,0.1718,7.9,-34,-24.1,41.9,32
3,2,96,0.1896,0.1331,21.7,-1.1,-10.3,22.8,32
3,1,49,0.2324,0.1687,29.2,-12.9,-2.9,42.1,32.1
3,1,102,0.1697,0.1519,19.7,-16.7,-12.4,36.4,32.1
3,1,112,0.0687,0.0618,16.6,-18.3,-15.5,34.9,32.1
3,2,68,0.2854,0.2393,26.3,-6.5,-5.8,32.8,32.1
5,1,19,0.0748,0.06,35.4,-5.9,3.3,41.3,32.1
6,1,22,0.2022,0.1586,36.7,-13.1,4.6,49.8,32.1
6,1,44,0.1252,0.0766,34.6,-10.6,2.5,45.2,32.1
2,1,42,0.182,0.1352,17.1,-26.4,-15.1,43.5,32.2
6,1,34,0.1276,0.1041,37,-9.5,4.8,46.5,32.2
3,2,64,0.2436,0.1988,20,-11.7,-12.3,31.7,32.3
5,1,15,0.2004,0.1779,32.5,-0.4,0.2,32.9,32.3
5,1,43,0.0923,0.0714,33.9,-15.5,1.6,49.4,32.3
5,2,116,0.2068,0.1635,35.2,-2.3,2.9,37.5,32.3
6,1,50,0.1384,0.0849,39.2,-9.7,6.9,48.9,32.3
1,1,61,0.0624,0.0448,30.8,-1.2,-1.6,32,32.4
2,2,57,0.1807,0.1447,25.1,-19.3,-7.3,44.4,32.4
5,3,271,0.0826,0.0759,34.3,-11,1.9,45.3,32.4
6,1,18,0.2064,0.1513,34.8,-12.9,2.4,47.7,32.4
5,1,17,0.1819,0.1319,36.7,3.6,4.3,33.1,32.4
2,1,28,0.2219,0.1929,18,-22.3,-14.5,40.3,32.5
3,1,117,0.1296,0.1172,19.7,-16.1,-12.8,35.8,32.5
3,2,110,0.228,0.1573,26.9,-10,-5.6,36.9,32.5
5,1,39,0.0867,0.0766,27.3,-16.7,-5.2,44,32.5
6,1,11,0.2083,0.1505,42.2,-3.4,9.7,45.6,32.5
6,1,41,0.137,0.1058,32.7,-15.3,0.2,48,32.5
6,2,147,0.1061,0.0661,28.1,-8.9,-4.4,37,32.5
6,2,179,0.0852,0.0525,33.1,-7.9,0.6,41,32.5
6,2,193,0.0796,0.0478,29,-13.2,-3.5,42.2,32.5
6,2,198,0.0765,0.0446,31.7,-10.6,-0.8,42.3,32.5
1,1,60,0.0797,0.0612,30.5,1.9,-2.1,28.6,32.6
5,2,163,0.0782,0.0604,32.9,4.7,0.3,28.2,32.6
5,1,77,0.0622,0.0533,42.8,-8,10.1,50.8,32.7
6,2,160,0.1193,0.0674,25.4,-12.7,-7.3,38.1,32.7
6,1,24,0.2194,0.159,38.7,-12.5,6,51.2,32.7
3,1,21,0.2397,0.1751,29.9,2.4,-2.9,27.5,32.8
3,1,52,0.2157,0.1729,27,-6.6,-5.8,33.6,32.8
3,2,58,0.3155,0.2346,28,-8.2,-4.8,36.2,32.8
5,1,5,0.1912,0.1725,34.9,-4,2.1,38.9,32.8
6,1,94,0.764,0.052,34.9,-15.9,2.1,50.8,32.8
2,2,68,0.1366,0.0994,10.1,-23.1,-22.8,33.2,32.9
5,2,141,0.1114,0.0877,36.6,-4.4,3.7,41,32.9
6,2,185,0.0905,0.0402,31.3,-14,-1.6,45.3,32.9
1,2,35,0.1465,0.1218,32.4,4.3,-0.6,28.1,33
3,1,123,0.1432,0.1327,27.2,-12,-5.8,39.2,33
6,1,32,0.1342,0.1017,33.5,-17.6,0.5,51.1,33
6,3,257,0.0995,0.0505,31.6,-15.6,-1.4,47.2,33
6,3,273,0.1129,0.0831,33.4,-5,0.4,38.4,33
3,3,19,0.2278,0.178,32.3,3.1,-0.8,29.2,33.1
5,1,20,0.0775,0.0613,37.5,-14.4,4.4,51.9,33.1
5,2,178,0.0776,0.0551,44,18.5,10.9,25.5,33.1
6,1,84,0.0606,0.0497,34.7,-18.7,1.6,53.4,33.1
6,2,181,0.0837,0.0415,32.7,-2.3,-0.4,35,33.1
6,3,237,0.1358,0.0881,30.9,-12.5,-2.2,43.4,33.1
6,1,40,0.1373,0.1061,32.9,-15.6,-0.3,48.5,33.2
3,1,100,0.1471,0.0918,28.7,-5.3,-4.5,34,33.2
5,2,126,0.1191,0.0936,33.6,2.8,0.4,30.8,33.2
3,1,59,0.3014,0.1995,28.5,-4.4,-4.8,32.9,33.3
3,1,86,0.1065,0.0915,17.2,-24.1,-16.1,41.3,33.3
6,2,161,0.1087,0.0588,25.5,-15.3,-7.8,40.8,33.3
1,2,40,0.1306,0.104,30.1,2.1,-3.2,28,33.3
5,2,158,0.1031,0.0728,36.7,12.3,3.4,24.4,33.3
5,1,35,0.0883,0.0778,32.6,-11.8,-0.8,44.4,33.4
6,2,171,0.0882,0.0636,36,-6.2,2.6,42.2,33.4
3,1,118,0.1431,0.0967,22.1,-15.2,-11.3,37.3,33.4
1,2,77,0.1045,0.0814,32.7,12.8,-0.8,19.9,33.5
3,1,75,0.2769,0.2057,28.6,-20.3,-4.9,48.9,33.5
5,1,23,0.1036,0.0774,37.8,-10.9,4.2,48.7,33.6
2,1,73,0.1198,0.0933,5.7,-32.4,-27.9,38.1,33.6
6,2,164,0.1118,0.07,24.7,-11.9,-8.9,36.6,33.6
6,2,170,0.0839,0.0566,34.7,0.7,1.1,34,33.6
6,2,172,0.0986,0.0573,33,-1.5,-0.6,34.5,33.6
1,1,43,0.0673,0.052,35.8,-2.4,2.1,38.2,33.7
1,1,65,0.0657,0.0498,29.9,-1.8,-3.8,31.7,33.7
5,1,62,0.0677,0.0567,44,-7.3,10.3,51.3,33.7
5,1,82,0.0561,0.0471,44.2,-7.3,10.5,51.5,33.7
6,1,52,0.1275,0.0862,36.1,-10.5,2.4,46.6,33.7
6,2,156,0.1223,0.0677,26,-13.7,-7.7,39.7,33.7
5,1,10,0.1971,0.1771,34.4,-3.5,0.6,37.9,33.8
6,2,177,0.1009,0.0543,32.8,-7.1,-1,39.9,33.8
2,3,67,0.1285,0.0838,14.6,-26.5,-19.3,41.1,33.9
3,1,50,0.2072,0.1633,22.7,-20,-11.2,42.7,33.9
5,1,72,0.0602,0.05,41.8,-8.3,7.9,50.1,33.9
6,1,17,0.2272,0.1703,36.6,-12.1,2.7,48.7,33.9
5,1,36,0.0922,0.0818,33.9,-9.7,-0.1,43.6,34
6,1,92,0.0602,0.0491,33.1,-17.5,-0.9,50.6,34
3,1,39,0.1983,0.1447,28.3,-6.4,-5.8,34.7,34.1
6,1,23,0.1985,0.1668,39.5,-4.8,5.4,44.3,34.1
6,1,81,0.0877,0.0498,37.2,-15.6,3.1,52.8,34.1
6,2,175,0.1093,0.0551,33.9,2.2,-0.2,31.7,34.1
2,2,31,0.1906,0.135,22.7,-9.4,-11.5,32.1,34.2
6,2,195,0.093,0.0524,31.8,-9.5,-2.4,41.3,34.2
1,1,52,0.0795,0.0553,32.8,-2.5,-1.5,35.3,34.3
5,1,67,0.0747,0.0608,43.4,2.8,9,40.6,34.4
5,2,133,0.1262,0.0711,36.6,-6.4,2.2,43,34.4
6,1,90,0.0711,0.0433,34.5,-14.3,0.1,48.8,34.4
5,1,41,0.1034,0.0924,34.3,-13.7,-0.2,48,34.5
5,1,58,0.0623,0.0538,43.2,6.7,8.7,36.5,34.5
6,2,149,0.1208,0.0858,29.8,-9.1,-4.7,38.9,34.5
6,2,184,0.0892,0.0482,31.9,-3.1,-2.6,35,34.5
3,1,68,0.2278,0.158,29,-11.1,-5.6,40.1,34.6
5,1,12,0.1893,0.163,38.9,-2.1,4.3,41,34.6
6,2,165,0.1055,0.0667,23.7,-15.6,-10.9,39.3,34.6
6,3,261,0.0852,0.051,27.4,-17.5,-7.3,44.9,34.7
3,2,119,0.1976,0.1573,25.4,-12.6,-9.3,38,34.7
3,1,116,0.1346,0.122,17.1,-19.1,-17.7,36.2,34.8
6,1,46,0.1305,0.0866,39.9,-9,5.1,48.9,34.8
6,2,194,0.0825,0.0435,31.2,-13.5,-3.6,44.7,34.8
5,2,182,0.0645,0.0491,39.6,18.8,4.8,20.8,34.8
1,1,45,0.0597,0.0469,33.6,-1.2,-1.3,34.8,34.9
2,1,71,0.1489,0.0997,13.2,-31.7,-21.7,44.9,34.9
3,1,114,0.116,0.1042,22,-17.8,-12.9,39.8,34.9
3,2,111,0.1958,0.1452,24,-7.1,-10.9,31.1,34.9
5,1,26,0.091,0.0774,35,-15.6,0.1,50.6,34.9
5,2,140,0.1007,0.0734,31.1,14.9,-3.9,16.2,35
2,1,32,0.1426,0.1027,19.9,-24.4,-15.2,44.3,35.1
6,1,100,0.0587,0.0432,36.8,-13.5,1.7,50.3,35.1
6,2,180,0.0947,0.056,33.1,-0.5,-2,33.6,35.1
5,1,44,0.0867,0.077,34,-3.5,-1.2,37.5,35.2
5,2,129,0.1155,0.0835,34.2,-5.2,-1,39.4,35.2
1,1,75,0.0817,0.0569,33.5,1.1,-1.8,32.4,35.3
3,2,124,0.189,0.1581,27.3,-7.3,-8,34.6,35.3
6,2,154,0.1053,0.0752,29.9,-15.8,-5.4,45.7,35.3
6,2,189,0.085,0.049,28.5,-8.3,-6.8,36.8,35.3
1,1,38,0.1519,0.1233,31.3,-7.8,-4.1,39.1,35.4
3,1,69,0.2478,0.1698,26.6,-7.6,-8.8,34.2,35.4
3,1,72,0.3599,0.3022,34.2,-4.9,-1.2,39.1,35.4
5,1,49,0.0807,0.0696,29.8,-2,-5.7,31.8,35.5
6,1,35,0.1269,0.0949,36.3,-13.4,0.8,49.7,35.5
6,2,159,0.1155,0.0746,27.3,-13.5,-8.2,40.8,35.5
2,1,36,0.1704,0.1271,18.2,-31.4,-17.4,49.6,35.6
5,1,93,0.0904,0.0638,48.4,5.7,12.8,42.7,35.6
3,2,74,0.2645,0.212,23.3,-5.1,-12.4,28.4,35.7
5,1,55,0.0644,0.0528,43.9,8.6,8.2,35.3,35.7
6,3,260,0.0687,0.0512,29.5,-20,-6.2,49.5,35.7
2,2,52,0.1145,0.0963,24.5,2.5,-11.3,22,35.8
3,1,132,0.1582,0.149,25.3,-12,-10.5,37.3,35.8
1,1,44,0.0578,0.0437,33.6,-2.8,-2.2,36.4,35.8
3,2,48,0.3402,0.2372,27.5,-7.1,-8.4,34.6,35.9
5,1,30,0.0909,0.0803,33.8,-7.8,-2.1,41.6,35.9
2,1,35,0.1441,0.1143,16.8,-33.2,-19.1,50,35.9
1,2,72,0.1117,0.0864,35.2,10.7,-0.8,24.5,36
6,2,191,0.0784,0.0473,30.7,-13,-5.3,43.7,36
3,1,128,0.1842,0.1512,22.9,-9,-13.2,31.9,36.1
6,1,31,0.1471,0.1136,39.3,-16.7,3.2,56,36.1
3,1,84,0.1225,0.0863,21.3,-22.8,-14.8,44.1,36.1
5,2,119,0.1339,0.1037,33.2,-4.5,-2.9,37.7,36.1
5,1,63,0.0596,0.0483,43.4,-3.4,7.2,46.8,36.2
6,1,58,0.0889,0.0762,35.9,-18.1,-0.3,54,36.2
3,1,48,0.2184,0.1723,28.6,-7.7,-7.6,36.3,36.2
5,1,92,0.0566,0.0384,48,-2.1,11.8,50.1,36.2
5,2,127,0.1143,0.0734,33.2,-6.9,-3,40.1,36.2
2,1,37,0.1556,0.1105,20,-25.8,-16.3,45.8,36.3
6,1,56,0.07,0.049,35.8,-15,-0.5,50.8,36.3
6,1,51,0.1247,0.0917,37.2,-16.1,0.9,53.3,36.3
5,1,29,0.0855,0.0748,36.5,-5.4,0.1,41.9,36.4
1,2,51,0.1061,0.0774,35.9,7,-0.6,28.9,36.5
3,1,131,0.1511,0.137,24.9,-13.7,-11.6,38.6,36.5
5,2,136,0.1013,0.0675,31.1,4.4,-5.4,26.7,36.5
5,1,81,0.0575,0.0484,42.8,-7.8,6.2,50.6,36.6
5,2,124,0.1203,0.0888,37.1,-3,0.5,40.1,36.6
6,1,45,0.1137,0.093,36.4,-11.3,-0.2,47.7,36.6
6,2,174,0.0983,0.0506,32.8,-4.7,-3.9,37.5,36.7
6,2,176,0.098,0.0537,33.3,-4.7,-3.4,38,36.7
6,2,187,0.0881,0.0489,32.3,-1.3,-4.4,33.6,36.7
3,1,110,0.1047,0.09,26.8,-15.3,-9.9,42.1,36.7
5,1,66,0.0637,0.0521,40,-6.2,3.2,46.2,36.8
5,1,74,0.0678,0.0586,43.3,3.8,6.5,39.5,36.8
5,1,68,0.0626,0.0509,40.6,-0.9,3.8,41.5,36.8
6,3,267,0.0774,0.0572,31.6,-15.2,-5.3,46.8,36.9
5,1,54,0.1136,0.101,28.6,-11.6,-8.3,40.2,36.9
6,1,103,0.069,0.0417,32.7,-18.5,-4.2,51.2,36.9
6,3,235,0.1307,0.0869,33.7,-9.4,-3.2,43.1,36.9
2,2,74,0.1478,0.0927,19.6,-26.4,-17.4,46,37
2,1,54,0.121,0.0906,28.9,-22.3,-8.1,51.2,37
3,1,45,0.2145,0.1591,24.9,-10.9,-12.2,35.8,37.1
3,1,74,0.2934,0.2382,23.9,-19.9,-13.2,43.8,37.1
5,1,60,0.0676,0.0527,42,-2.8,4.9,44.8,37.1
6,1,20,0.2089,0.1677,38.5,-14.2,1.4,52.7,37.1
1,1,77,0.0689,0.0525,31.3,-10.1,-5.9,41.4,37.2
3,2,120,0.1989,0.1474,24.2,-14.7,-13,38.9,37.2
5,1,69,0.0614,0.0512,42.6,-1.6,5.4,44.2,37.2
6,1,26,0.1988,0.1578,38.1,-10.9,0.9,49,37.2
6,2,197,0.0815,0.0485,30.8,-6,-6.4,36.8,37.2
5,1,33,0.0884,0.0712,37,-12.4,-0.3,49.4,37.3
6,1,61,0.881,0.0603,36.7,-10.9,-0.6,47.6,37.3
2,1,64,0.096,0.0647,20.4,-30.4,-17,50.8,37.4
3,1,76,0.1345,0.0845,38.6,0.7,1.1,37.9,37.5
6,1,59,0.0746,0.056,36,-9,-1.6,45,37.6
6,1,89,0.0695,0.0437,33.1,-17.6,-4.5,50.7,37.6
1,1,54,0.0832,0.0658,31.7,-6.6,-6,38.3,37.7
5,1,34,0.0896,0.079,37,-7.4,-0.7,44.4,37.7
2,2,56,0.119,0.0853,23.8,-16.9,-14,40.7,37.8
3,1,40,0.1986,0.1547,28,0.3,-9.8,27.7,37.8
6,2,162,0.1065,0.0679,25.2,-13.2,-12.6,38.4,37.8
6,1,36,0.1331,0.1015,36.1,-18,-1.7,54.1,37.8
5,1,3,0.1804,0.1575,34.8,-1.9,-3.1,36.7,37.9
3,2,93,0.1909,0.1227,21.8,-13.2,-16.2,35,38
3,2,123,0.1991,0.1448,22.8,-14.3,-15.2,37.1,38
5,1,14,0.19,0.1682,37.4,-3.3,-0.6,40.7,38
5,1,64,0.0597,0.0488,42,2.7,3.9,39.3,38.1
5,1,80,0.0629,0.0537,45.4,-4.4,7.3,49.8,38.1
5,1,7,0.187,0.1683,37.8,-2.8,-0.4,40.6,38.2
5,1,50,0.1004,0.0894,33.9,-15,-4.3,48.9,38.2
6,1,102,0.0704,0.0437,35,-14.8,-3.3,49.8,38.3
6,3,272,0.0855,0.0597,31.8,-11.6,-6.5,43.4,38.3
3,1,108,0.0992,0.0858,27,-16.8,-11.4,43.8,38.4
5,2,134,0.1137,0.066,32.9,-4.3,-5.5,37.2,38.4
6,2,196,0.102,0.0459,31,-5.6,-7.4,36.6,38.4
5,1,6,0.2027,0.1819,40.5,-4.8,2,45.3,38.5
5,1,61,0.0534,0.0409,42.1,1.8,3.6,40.3,38.5
5,3,237,0.0984,0.0792,39.5,-10.9,0.8,50.4,38.7
3,1,57,0.2164,0.1605,28.6,-11.8,-10.2,40.4,38.8
5,1,84,0.757,0.0675,45.8,-3.9,7,49.7,38.8
3,1,53,0.1984,0.1717,26,-24.3,-12.9,50.3,38.9
1,1,48,0.0919,0.0725,31.5,-6,-7.5,37.5,39
1,1,49,0.0822,0.0581,32.2,-8.1,-6.8,40.3,39
2,1,55,0.1121,0.0829,22.7,-22.9,-16.4,45.6,39.1
3,2,114,0.1873,0.1512,21.4,-9.2,-17.7,30.6,39.1
2,1,30,0.155,0.0927,24.3,-29,-14.8,53.3,39.1
5,1,8,0.2134,0.1851,38.8,-0.1,-0.4,38.9,39.2
3,1,56,0.2107,0.1606,27.7,-12.1,-11.6,39.8,39.3
5,2,132,0.1214,0.0883,36.1,-4.2,-3.2,40.3,39.3
3,2,125,0.1607,0.1475,26.6,-4.6,-12.8,31.2,39.4
6,1,49,0.1176,0.0826,39.8,-12.2,0.3,52,39.5
2,1,63,0.1151,0.0786,15.8,-34.5,-23.8,50.3,39.6
5,1,11,0.2258,0.1961,36.2,-4,-3.4,40.2,39.6
3,1,94,0.1557,0.1292,19.9,-15.6,-19.8,35.5,39.7
3,2,128,0.2209,0.1563,24.9,-16.2,-14.8,41.1,39.7
5,1,9,0.2071,0.1768,34.6,2,-5.2,32.6,39.8
5,1,51,0.0965,0.0847,27.5,-9.1,-12.4,36.6,39.9
5,1,83,0.0641,0.0541,46.8,-1.5,6.7,48.3,40.1
6,1,78,0.1077,0.0777,39.3,-24.5,-0.8,63.8,40.1
5,1,75,0.0709,0.0604,45.4,-4.3,5.3,49.7,40.1
3,1,130,0.1537,0.1452,33,-8.5,-7.3,41.5,40.3
6,1,38,0.1215,0.0893,38.9,-14,-1.4,52.9,40.3
3,1,122,0.1457,0.1338,25.2,-18.3,-15.2,43.5,40.4
6,1,63,0.085,0.0591,36.4,-21.1,-4.1,57.5,40.5
5,1,25,0.1045,0.0893,37.2,-11.8,-3.4,49,40.6
5,1,70,0.0626,0.0522,41.9,-3.5,1.3,45.4,40.6
6,1,70,0.0886,0.0763,36.3,-25.9,-4.4,62.2,40.7
1,1,47,0.0635,0.0392,27.7,-13.6,-13.1,41.3,40.8
3,1,106,0.1932,0.1709,33.4,-10.1,-7.4,43.5,40.8
5,1,97,0.0656,0.047,41.2,-4.7,0.4,45.9,40.8
3,1,58,0.2328,0.1762,29.3,-8.9,-11.6,38.2,40.9
6,1,62,0.0721,0.0586,37,-24,-4,61,41
5,1,73,0.0636,0.0545,43.5,-6,2.4,49.5,41.1
6,1,91,0.0798,0.0487,34,-20.4,-7.2,54.4,41.2
6,1,57,0.0649,0.0444,38.8,-11.5,-2.5,50.3,41.3
1,1,41,0.0809,0.0558,37.6,-13.2,-3.8,50.8,41.4
1,1,57,0.0604,0.0537,29.1,-12.5,-12.3,41.6,41.4
3,1,71,0.313,0.2664,33.8,-9.3,-7.7,43.1,41.5
5,1,28,0.0955,0.0837,35.8,-15.5,-5.7,51.3,41.5
6,1,88,0.0514,0.0422,38.4,-12.7,-3.1,51.1,41.5
3,1,111,0.1956,0.1726,27.8,-20.8,-13.8,48.6,41.6
2,1,33,0.1508,0.1025,17.4,-32.4,-24.3,49.8,41.7
3,1,73,0.3045,0.2558,30.1,-24.8,-11.6,54.9,41.7
3,1,119,0.1202,0.1095,25.7,-17.6,-16.1,43.3,41.8
5,1,56,0.0773,0.058,45.5,-10.1,3.6,55.6,41.9
3,2,122,0.1864,0.1456,24.4,-5.3,-17.6,29.7,42
1,1,42,0.0934,0.0793,37,-12.8,-5.1,49.8,42.1
6,1,74,0.0791,0.0577,37.2,-17,-4.9,54.2,42.1
6,1,93,0.0779,0.0518,35.6,-18.4,-6.5,54,42.1
6,1,72,0.0917,0.0699,38.3,-19.6,-3.9,57.9,42.2
3,1,126,0.1551,0.1433,31,-17.5,-11.2,48.5,42.2
5,3,235,0.1085,0.0868,40.5,-5.9,-1.7,46.4,42.2
5,1,95,0.0609,0.0368,49.9,-2.9,7.6,52.8,42.3
6,1,37,0.1291,0.0938,38.5,-8.3,-3.9,46.8,42.4
6,1,47,0.1191,0.0935,37.2,-17.4,-5.3,54.6,42.5
2,2,71,0.1457,0.118,15.7,-30.8,-26.9,46.5,42.6
2,1,34,0.1675,0.1181,18.5,-29.9,-24.1,48.4,42.6
6,1,85,0.082,0.0516,35.7,-16.1,-7,51.8,42.7
3,1,113,0.1445,0.1193,21.9,-19.8,-20.9,41.7,42.8
6,1,64,0.0971,0.0689,36.7,-18.8,-6.1,55.5,42.8
3,1,120,0.1249,0.1132,21.1,-20.1,-21.9,41.2,43
6,1,33,0.1275,0.0967,36.9,-14.6,-6.1,51.5,43
2,1,53,0.0907,0.0812,30.4,-18.3,-12.7,48.7,43.1
5,1,76,0.0604,0.051,45.8,-4.5,2.7,50.3,43.1
6,1,43,0.131,0.1091,36.4,-11.6,-6.7,48,43.1
6,1,67,0.0801,0.0614,38.8,-24.3,-4.4,63.1,43.2
6,1,99,0.0658,0.0455,38.9,-10.1,-4.3,49,43.2
6,1,96,0.079,0.0513,35.2,-13.2,-8.1,48.4,43.3
3,1,103,0.1297,0.1167,23.9,-21.5,-19.6,45.4,43.5
6,1,66,0.0914,0.073,35.7,-18.3,-7.8,54,43.5
3,1,98,0.1183,0.0897,29.8,-22,-13.8,51.8,43.6
5,1,22,0.0977,0.0828,35.4,-15.2,-8.3,50.6,43.7
3,1,101,0.1229,0.1096,22.2,-21.1,-21.7,43.3,43.9
3,1,109,0.2197,0.2074,32.9,-16,-11,48.9,43.9
3,1,115,0.1309,0.1185,22.7,-25.4,-21.2,48.1,43.9
5,1,96,0.0582,0.0404,47.2,-3.1,3.2,50.3,44
3,2,127,0.1803,0.1645,31.3,-7,-12.8,38.3,44.1
6,1,73,0.0896,0.0695,40.4,-15.8,-3.7,56.2,44.1
6,1,77,0.0801,0.073,39.9,-19.4,-4.2,59.3,44.1
6,1,83,0.0681,0.0568,37.4,-19.8,-6.7,57.2,44.1
6,1,42,0.1111,0.0876,36.3,-19.6,-8.3,55.9,44.6
6,1,75,0.1055,0.0824,40.6,-16.1,-4,56.7,44.6
6,1,39,0.1082,0.0874,38.6,-13.7,-6.1,52.3,44.7
6,1,104,0.1426,0.1138,36.1,-9,-8.6,45.1,44.7
6,1,60,0.085,0.0609,35.2,-17,-10,52.2,45.2
3,1,133,0.159,0.1464,25.7,-16.1,-19.6,41.8,45.3
6,1,30,0.1184,0.0968,35.6,-18.6,-9.9,54.2,45.5
5,1,78,0.0682,0.0587,46.2,-9.9,0.5,56.1,45.7
6,1,53,0.1276,0.0955,33.3,-17.2,-12.5,50.5,45.8
6,1,65,0.1044,0.0901,38,-27.7,-7.9,65.7,45.9
2,1,62,0.102,0.0815,17.8,-35.1,-28.1,52.9,45.9
6,1,55,0.0751,0.0558,40.3,-14.9,-5.7,55.2,46
6,1,76,0.1039,0.0798,41.5,-7.2,-4.8,48.7,46.3
6,1,95,0.0634,0.0372,35.8,-16.4,-10.5,52.2,46.3
5,1,71,0.0524,0.0424,42.6,-6.4,-3.8,49,46.4
5,1,94,0.0791,0.0593,49.4,-6.7,2.9,56.1,46.5
3,1,105,0.2435,0.2137,31.8,-20.2,-14.9,52,46.7
6,1,86,0.0644,0.0514,35,-18.1,-12.2,53.1,47.2
3,1,127,0.1302,0.1197,31.5,-17.7,-16.4,49.2,47.9
6,1,97,0.0697,0.0439,37.3,-12.6,-11.4,49.9,48.7
6,1,71,0.0907,0.0703,37.4,-14.2,-11.3,51.6,48.7
6,1,87,0.099,0.0698,34.6,-25.5,-14.7,60.1,49.3
3,1,134,0.2245,0.2129,30,-23.9,-19.7,53.9,49.7
5,1,24,0.1011,0.0871,37.6,-14.1,-12.3,51.7,49.9
5,1,21,0.0632,0.0448,37.5,-20.3,-12.5,57.8,50
3,1,124,0.1579,0.1286,32,-26.8,-18.3,58.8,50.3
6,1,82,0.1005,0.0837,40.3,-27.4,-10.3,67.7,50.6
6,1,79,0.0814,0.0702,37.9,-20.7,-12.8,58.6,50.7
6,1,101,0.0647,0.0457,37.5,-16.1,-14.6,53.6,52.1
6,1,69,0.081,0.0688,39.5,-24.4,-13.4,63.9,52.9
5,1,57,0.0684,0.0522,44.7,-7.2,-9.1,51.9,53.8
6,1,68,0.0832,0.0689,42.1,-22.1,-12.8,64.2,54.9
6,1,80,0.0672,0.0602,39,-18.8,-21.1,57.8,60.1